receiver,id_pk,station_name,scientific_name,individual_count
VR2AR-545564,1670,500m,Anguilla anguilla,4
VR2AR-545564,1677,Belreef 2,Anguilla anguilla,2
VR2AR-545588,1687,WS-250m,Anguilla anguilla,1
VR2AR-545588,1854,WS-250m,Anguilla anguilla,5
VR2AR-545588,1855,BPNS-Belreef1,Anguilla anguilla,2
VR2AR-545718,1518,bpns-C05AR1Belwind,Anguilla anguilla,11
VR2AR-545718,1688,bpns-C05AR1Belwind,Anguilla anguilla,3
VR2AR-545718,2054,bpns-CNB05,Anguilla anguilla,9
VR2AR-545718,2209,bpns-CNB05,Anguilla anguilla,2
VR2AR-545718,2726,PC4C-C05-1,Anguilla anguilla,26
VR2AR-545720,1519,bpns-C05AR3Belwind,Anguilla anguilla,3
VR2AR-545720,2036,bpns-C05AR3Belwind,Anguilla anguilla,10
VR2AR-545720,2056,bpns-CNB06,Anguilla anguilla,9
VR2AR-545720,2210,bpns-CNB06,Anguilla anguilla,2
VR2AR-545720,2727,PC4C-C05-2,Anguilla anguilla,27
VR2AR-546043,2051,bpns-CNB02,Anguilla anguilla,8
VR2AR-546043,2728,PC4C-C05-3,Anguilla anguilla,26
VR2AR-546044,2052,bpns-CNB03,Anguilla anguilla,7
VR2AR-546044,2729,PC4C-C05-4,Anguilla anguilla,24
VR2AR-546045,2053,bpns-CNB04,Anguilla anguilla,8
VR2AR-546045,2730,PC4C-C05-5,Anguilla anguilla,25
VR2AR-546046,1996,bpns-RTNZ04,Salmo salar,1
VR2AR-546046,2057,bpns-CNB07,Anguilla anguilla,7
VR2AR-546047,2058,bpns-CNB08,Anguilla anguilla,7
VR2AR-546047,2212,bpns-CNB08,Anguilla anguilla,1
VR2AR-546047,2731,PC4C-C05-6,Anguilla anguilla,26
VR2AR-546048,2059,bpns-CNB09,Anguilla anguilla,9
VR2AR-546048,2213,bpns-CNB09,Anguilla anguilla,9
VR2AR-546048,2214,bpns-CNB09,Anguilla anguilla,2
VR2AR-546048,2732,PC4C-C05-7,Anguilla anguilla,26
VR2AR-546051,2062,bpns-CNB12,Anguilla anguilla,6
VR2AR-546052,2063,bpns-CNB13,Anguilla anguilla,8
VR2AR-546052,2215,bpns-CNB13,Anguilla anguilla,8
VR2AR-546052,2216,bpns-CNB13,Anguilla anguilla,1
VR2AR-546052,2734,PC4C-C05-9,Anguilla anguilla,25
VR2AR-546621,2735,PC4C-C05-10,Anguilla anguilla,26
VR2AR-546622,2736,PC4C-F05-1,Anguilla anguilla,22
VR2AR-546891,2725,PC4C-F05-2,Anguilla anguilla,20
VR2AR-546892,2737,PC4C-F05-3,Anguilla anguilla,21
VR2AR-546893,2738,PC4C-F05-4,Anguilla anguilla,23
VR2AR-546894,2739,PC4C-F05-5,Anguilla anguilla,24
VR2AR-546895,2740,PC4C-F05-6,Anguilla anguilla,24
VR2AR-546896,2741,PC4C-F05-7,Anguilla anguilla,24
VR2AR-546897,2742,PC4C-F05-8,Anguilla anguilla,24
VR2C69-450114,1376,bpns-B05BELWIND,Anguilla anguilla,3
VR2C69-450114,1651,bpns-B05BELWIND,Anguilla anguilla,14
VR2C69-450136,1392,bpns-LottoBuoy,Anguilla anguilla,2
VR2C69-450136,1392,bpns-LottoBuoy,Rutilus rutilus,1
VR2C69-450136,1392,bpns-LottoBuoy,Silurus glanis,2
VR2C69-450136,1690,bpns-LottoBuoy,Anguilla anguilla,2
VR2Tx-480061,1634,bpns-Kilmore,Anguilla anguilla,1
VR2Tx-480061,1634,bpns-Kilmore,Salmo salar,1
VR2Tx-480061,1634,bpns-Kilmore,Silurus glanis,1
VR2Tx-480063,2050,bpns-CNB14,Anguilla anguilla,9
VR2Tx-480063,2050,bpns-CNB14,Coregonus lavaretus,1
VR2Tx-480720,2178,VLVS7,Anguilla anguilla,1
VR2Tx-480876,2505,S09-2,Anguilla anguilla,8
VR2Tx-480876,2505,S09-2,Gadus morhua,13
VR2Tx-480876,2505,S09-2,Sentinel,8
VR2Tx-480876,2505,S09-2,Silurus glanis,1
VR2Tx-480876,2505,S09-2,Squalius cephalus,1
VR2Tx-480876,2689,S09-2,Anguilla anguilla,8
VR2Tx-480876,2689,S09-2,Gadus morhua,13
VR2Tx-480876,2689,S09-2,Sentinel,8
VR2Tx-480876,2689,S09-2,Silurus glanis,1
VR2Tx-480876,2689,S09-2,Squalius cephalus,1
VR2Tx-480876,2690,S09-2,Gadus morhua,13
VR2W-106251,1549,bpns-OOSTDYCK,Silurus glanis,1
VR2W-108474,1550,bpns-S4,Anguilla anguilla,1
VR2W-108474,1686,bpns-S4,Anguilla anguilla,1
VR2W-108474,1686,bpns-S4,Gadus morhua,1
VR2W-108474,2000,bpns-S4,Anguilla anguilla,1
VR2W-108474,2000,bpns-S4,Gadus morhua,1
VR2W-108474,2000,bpns-S4,Rutilus rutilus,1
VR2W-108474,2000,bpns-S4,Salmo salar,1
VR2W-110779,1274,bpns-VG2,Anguilla anguilla,1
VR2W-110779,1553,bpns-VG2,Anguilla anguilla,2
VR2W-110779,1680,bpns-VG2,Anguilla anguilla,1
VR2W-110779,1680,bpns-VG2,Silurus glanis,1
VR2W-110779,2007,bpns-VG2,Silurus glanis,1
VR2W-110783,1848,bpns-S4,Anguilla anguilla,3
VR2W-110784,1265,bpns-WK12,Anguilla anguilla,4
VR2W-110784,1555,bpns-WK12,Anguilla anguilla,1
VR2W-110784,1681,bpns-WK12,Anguilla anguilla,1
VR2W-110784,1682,bpns-WK12,Anguilla anguilla,1
VR2W-110784,1682,bpns-WK12,Rutilus rutilus,1
VR2W-110784,2001,bpns-WK12,Anguilla anguilla,1
VR2W-110784,2001,bpns-WK12,Lampetra fluviatilis,1
VR2W-110784,2185,bpns-WK12,Gadus morhua,1
VR2W-110784,2185,bpns-WK12,Salmo salar,1
VR2W-110869,2774,ak-34,Anguilla anguilla,1
VR2W-110869,2775,ak-34,Anguilla anguilla,2
VR2W-110869,2776,ak-34,Anguilla anguilla,5
VR2W-112285,1416,bh-31,Anguilla anguilla,1
VR2W-112285,1416,bh-31,Gadus morhua,21
VR2W-112285,1416,bh-31,Homarus gammarus,2
VR2W-112285,1416,bh-31,Lampetra fluviatilis,3
VR2W-112285,2129,HH7,Anguilla anguilla,2
VR2W-112285,2129,HH7,Sentinel,1
VR2W-112285,2129,HH7,Silurus glanis,1
VR2W-112285,2430,HH7,Anguilla anguilla,11
VR2W-112285,2430,HH7,Sentinel,13
VR2W-112285,2430,HH7,Silurus glanis,1
VR2W-112285,2430,HH7,Squalius cephalus,1
VR2W-112285,2778,bh-31,Anguilla anguilla,1
VR2W-112285,2778,bh-31,Gadus morhua,1
VR2W-112285,2781,HH7,Anguilla anguilla,4
VR2W-112285,2781,HH7,Gadus morhua,1
VR2W-112285,2781,HH7,Sentinel,8
VR2W-112286,2029,kn-Lier,Anguilla anguilla,2
VR2W-112286,2269,kn-Lier,Anguilla anguilla,1
VR2W-112286,2606,kn-Lier,Anguilla anguilla,1
VR2W-112287,1482,bh-2,Anguilla anguilla,1
VR2W-112287,2256,s-2,Anguilla anguilla,2
VR2W-112287,2294,s-2,Anguilla anguilla,1
VR2W-112287,2294,s-2,Gadus morhua,1
VR2W-112287,2295,s-2,Anguilla anguilla,1
VR2W-112287,2295,s-2,Gadus morhua,1
VR2W-112287,2296,s-2,Anguilla anguilla,1
VR2W-112287,2296,s-2,Gadus morhua,1
VR2W-112287,2628,s-2,Anguilla anguilla,1
VR2W-112287,2761,s-2,Anguilla anguilla,1
VR2W-112287,2763,s-2,Anguilla anguilla,18
VR2W-112287,2763,s-2,Lampetra fluviatilis,1
VR2W-112287,2763,s-2,Leuciscus idus,1
VR2W-112287,2764,s-2,Anguilla anguilla,14
VR2W-112287,2764,s-2,Lampetra fluviatilis,1
VR2W-112287,2764,s-2,Leuciscus idus,1
VR2W-112288,1386,bh-33,Gadus morhua,19
VR2W-112288,1386,bh-33,Homarus gammarus,1
VR2W-112288,1386,bh-33,Lampetra fluviatilis,2
VR2W-112288,1568,ak-22,Anguilla anguilla,2
VR2W-112288,1568,ak-22,Silurus glanis,1
VR2W-112288,1568,ak-22,Squalius cephalus,1
VR2W-112288,2431,ak-22,Anguilla anguilla,2
VR2W-112288,2431,ak-22,Squalius cephalus,1
VR2W-112288,2675,ak-22,Sentinel,2
VR2W-112288,2783,ak-22,Anguilla anguilla,20
VR2W-112288,2783,ak-22,Gadus morhua,2
VR2W-112288,2783,ak-22,Petromyzon marinus,1
VR2W-112288,2784,ak-22,Anguilla anguilla,10
VR2W-112288,2785,ak-22,Anguilla anguilla,12
VR2W-112288,2785,ak-22,Gadus morhua,4
VR2W-112288,2785,ak-22,Silurus glanis,1
VR2W-112288,2786,ak-22,Anguilla anguilla,4
VR2W-112288,2786,ak-22,Gadus morhua,1
VR2W-112288,2787,ak-22,Anguilla anguilla,8
VR2W-112288,2787,ak-22,Silurus glanis,1
VR2W-112288,2787,ak-22,Squalius cephalus,1
VR2W-112288,2789,ak-22,Anguilla anguilla,8
VR2W-112288,2789,ak-22,Silurus glanis,2
VR2W-112289,1390,ws-25B,Gadus morhua,4
VR2W-112290,1415,bh-30,Anguilla anguilla,1
VR2W-112290,1415,bh-30,Gadus morhua,6
VR2W-112290,1415,bh-30,Lampetra fluviatilis,1
VR2W-112290,2127,bh-30,Gadus morhua,2
VR2W-112290,2127,bh-30,Lampetra fluviatilis,1
VR2W-112290,2674,ak-21,Anguilla anguilla,1
VR2W-112291,1389,ws-16,Gadus morhua,3
VR2W-112292,1419,bh-5,Anguilla anguilla,1
VR2W-112292,2033,s-Dendermonde,Anguilla anguilla,1
VR2W-112292,2033,s-Dendermonde,Gadus morhua,1
VR2W-112292,2033,s-Dendermonde,Salmo salar,1
VR2W-112292,2248,s-Dendermonde,Anguilla anguilla,2
VR2W-112292,2248,s-Dendermonde,Gadus morhua,2
VR2W-112292,2665,s-Dendermonde,Anguilla anguilla,8
VR2W-112292,2665,s-Dendermonde,Lampetra fluviatilis,1
VR2W-112292,2665,s-Dendermonde,Leuciscus idus,2
VR2W-112292,2791,bh-5,Anguilla anguilla,1
VR2W-112294,1409,bh-21,Anguilla anguilla,1
VR2W-112294,1409,bh-21,Gadus morhua,3
VR2W-112294,1409,bh-21,Homarus gammarus,1
VR2W-112294,1409,bh-21,Lampetra fluviatilis,3
VR2W-112294,2179,VLVS8,Anguilla anguilla,1
VR2W-112294,2793,bh-21,Anguilla anguilla,1
VR2W-112294,2793,bh-21,Gadus morhua,1
VR2W-112295,1500,s-8,Anguilla anguilla,2
VR2W-112295,1500,s-8,Gadus morhua,4
VR2W-112295,1500,s-8,Lampetra fluviatilis,3
VR2W-112295,1696,s-8,Anguilla anguilla,5
VR2W-112295,1696,s-8,Gadus morhua,7
VR2W-112295,1696,s-8,Lampetra fluviatilis,6
VR2W-112295,1940,s-8,Gadus morhua,5
VR2W-112295,1940,s-8,Salmo salar,12
VR2W-112295,2239,s-8,Anguilla anguilla,3
VR2W-112295,2239,s-8,Gadus morhua,1
VR2W-112295,2655,s-8,Anguilla anguilla,3
VR2W-112296,1442,bh-37,Anguilla anguilla,1
VR2W-112296,1442,bh-37,Gadus morhua,20
VR2W-112296,1442,bh-37,Homarus gammarus,1
VR2W-112296,1442,bh-37,Lampetra fluviatilis,2
VR2W-112296,1954,bh-37,Lampetra fluviatilis,1
VR2W-112296,2291,bn-Walem,Anguilla anguilla,1
VR2W-112296,3040,bn-Walem,Anguilla anguilla,2
VR2W-112297,1481,bh-1,Anguilla anguilla,1
VR2W-112297,2027,s-Wetteren,Anguilla anguilla,4
VR2W-112297,2027,s-Wetteren,Gadus morhua,2
VR2W-112297,2249,s-Wetteren,Anguilla anguilla,1
VR2W-112297,2249,s-Wetteren,Gadus morhua,1
VR2W-112297,2670,s-Wetteren,Anguilla anguilla,16
VR2W-112297,2670,s-Wetteren,Lampetra fluviatilis,1
VR2W-112297,2670,s-Wetteren,Leuciscus idus,4
VR2W-112298,1648,bh-32,Gadus morhua,19
VR2W-112298,1648,bh-32,Homarus gammarus,2
VR2W-112298,1648,bh-32,Lampetra fluviatilis,3
VR2W-112299,1393,ws-18,Anguilla anguilla,2
VR2W-112299,1393,ws-18,Gadus morhua,3
VR2W-112370,1620,ws-W7,Anguilla anguilla,4
VR2W-112370,1620,ws-W7,Cyprinus carpio,1
VR2W-112370,1620,ws-W7,Rutilus rutilus,2
VR2W-112370,1620,ws-W7,Silurus glanis,1
VR2W-112370,2015,ws-W7,Anguilla anguilla,1
VR2W-112370,2015,ws-W7,Gadus morhua,4
VR2W-112370,2015,ws-W7,Salmo salar,8
VR2W-112370,2197,ws-W7,Anguilla anguilla,4
VR2W-113521,1480,bh-33,Anguilla anguilla,1
VR2W-113521,1480,bh-33,Gadus morhua,21
VR2W-113521,1480,bh-33,Homarus gammarus,1
VR2W-113521,1480,bh-33,Lampetra fluviatilis,2
VR2W-113521,1496,s-4,Lampetra fluviatilis,1
VR2W-113521,1697,s-4,Anguilla anguilla,4
VR2W-113521,1697,s-4,Gadus morhua,2
VR2W-113521,1697,s-4,Lampetra fluviatilis,3
VR2W-113521,1942,s-4,Salmo salar,1
VR2W-113521,2250,s-4,Anguilla anguilla,2
VR2W-113521,2250,s-4,Gadus morhua,1
VR2W-113521,2666,s-4,Anguilla anguilla,8
VR2W-113521,2666,s-4,Lampetra fluviatilis,1
VR2W-113521,2666,s-4,Leuciscus idus,2
VR2W-113522,1414,bh-29,Anguilla anguilla,1
VR2W-113522,1414,bh-29,Gadus morhua,5
VR2W-113522,1414,bh-29,Lampetra fluviatilis,1
VR2W-113522,1603,bh-29,Gadus morhua,2
VR2W-113522,1603,bh-29,Lampetra fluviatilis,1
VR2W-113522,1698,HH8,Anguilla anguilla,3
VR2W-113522,1698,HH8,Gadus morhua,1
VR2W-113522,1698,HH8,Sentinel,8
VR2W-113522,1699,HH8,Anguilla anguilla,3
VR2W-113522,1699,HH8,Gadus morhua,1
VR2W-113522,1699,HH8,Salmo salar,2
VR2W-113522,1699,HH8,Sentinel,2
VR2W-113522,1699,HH8,Silurus glanis,1
VR2W-113523,1649,bh-34,Gadus morhua,18
VR2W-113523,1649,bh-34,Homarus gammarus,2
VR2W-113523,1649,bh-34,Lampetra fluviatilis,3
VR2W-113524,1337,me-7-2,Anguilla anguilla,1
VR2W-113524,1337,me-7-2,Gadus morhua,2
VR2W-113524,1337,me-7-2,Salmo salar,5
VR2W-113524,1411,bh-24,Anguilla anguilla,1
VR2W-113524,1411,bh-24,Gadus morhua,2
VR2W-113524,2270,me-7-2,Anguilla anguilla,1
VR2W-113524,2608,me-7-2,Anguilla anguilla,2
VR2W-113525,1639,bh-12,Homarus gammarus,1
VR2W-113525,1639,bh-12,Lampetra fluviatilis,4
VR2W-113526,1406,bh-17,Homarus gammarus,1
VR2W-113526,1406,bh-17,Lampetra fluviatilis,3
VR2W-113526,1493,s-1,Anguilla anguilla,2
VR2W-113526,1493,s-1,Lampetra fluviatilis,1
VR2W-113526,2009,s-1,Anguilla anguilla,2
VR2W-113526,2009,s-1,Gadus morhua,1
VR2W-113526,2271,s-1,Anguilla anguilla,1
VR2W-113526,2609,s-1,Anguilla anguilla,1
VR2W-113527,1387,ws-12A,Gadus morhua,4
VR2W-113528,1421,bh-7,Anguilla anguilla,2
VR2W-113528,1421,bh-7,Gadus morhua,1
VR2W-113528,1421,bh-7,Lampetra fluviatilis,2
VR2W-113528,1501,s-9,Anguilla anguilla,1
VR2W-113528,1501,s-9,Gadus morhua,3
VR2W-113528,1501,s-9,Lampetra fluviatilis,2
VR2W-113528,1702,s-9,Anguilla anguilla,5
VR2W-113528,1702,s-9,Gadus morhua,7
VR2W-113528,1702,s-9,Lampetra fluviatilis,5
VR2W-113528,1943,s-9,Gadus morhua,6
VR2W-113528,1943,s-9,Salmo salar,12
VR2W-113528,2240,s-9,Anguilla anguilla,1
VR2W-113528,2240,s-9,Gadus morhua,2
VR2W-113528,2240,s-9,Sentinel,1
VR2W-113528,2654,s-9,Anguilla anguilla,2
VR2W-113528,2654,s-9,Leuciscus idus,1
VR2W-113528,2795,bh-7,Gadus morhua,1
VR2W-113529,1420,bh-6,Anguilla anguilla,1
VR2W-113529,1420,bh-6,Gadus morhua,1
VR2W-113529,2487,zandvlietsluis haven B,Sentinel,2
VR2W-113529,2693,zandvlietsluis haven B,Anguilla anguilla,1
VR2W-113529,2693,zandvlietsluis haven B,Sentinel,3
VR2W-114258,1635,bpns-WZ,Anguilla anguilla,4
VR2W-114258,1635,bpns-WZ,Gadus morhua,1
VR2W-114258,1635,bpns-WZ,Rutilus rutilus,2
VR2W-114258,1635,bpns-WZ,Salmo salar,4
VR2W-114258,1635,bpns-WZ,Silurus glanis,3
VR2W-114258,2002,bpns-WZ,Anguilla anguilla,4
VR2W-114258,2002,bpns-WZ,Rutilus rutilus,2
VR2W-114258,2002,bpns-WZ,Silurus glanis,3
VR2W-114312,1554,bpns-W1,Anguilla anguilla,2
VR2W-114312,1554,bpns-W1,Silurus glanis,1
VR2W-114312,1704,bpns-W1,Anguilla anguilla,2
VR2W-114312,1704,bpns-W1,Lampetra fluviatilis,1
VR2W-114312,1704,bpns-W1,Rutilus rutilus,2
VR2W-114312,1704,bpns-W1,Silurus glanis,1
VR2W-114312,2016,bpns-W1,Anguilla anguilla,1
VR2W-114312,2016,bpns-W1,Gadus morhua,2
VR2W-114312,2016,bpns-W1,Lampetra fluviatilis,1
VR2W-114312,2016,bpns-W1,Salmo salar,5
VR2W-115428,1631,bpns-OH6,Lampetra fluviatilis,1
VR2W-115428,1644,bh-23,Anguilla anguilla,1
VR2W-115428,1644,bh-23,Gadus morhua,1
VR2W-115428,1644,bh-23,Lampetra fluviatilis,1
VR2W-115428,1707,bpns-OH6,Anguilla anguilla,3
VR2W-115428,1707,bpns-OH6,Gadus morhua,1
VR2W-115428,1841,bpns-OH6,Anguilla anguilla,2
VR2W-115428,1841,bpns-OH6,Gadus morhua,2
VR2W-115428,1841,bpns-OH6,Salmo salar,2
VR2W-115429,1410,bh-22,Anguilla anguilla,1
VR2W-115429,1410,bh-22,Gadus morhua,3
VR2W-115429,1410,bh-22,Lampetra fluviatilis,3
VR2W-115429,2030,bn-Lier,Anguilla anguilla,2
VR2W-115429,2272,bn-Lier,Anguilla anguilla,1
VR2W-115429,2610,bn-Lier,Anguilla anguilla,1
VR2W-115429,2799,bh-22,Anguilla anguilla,1
VR2W-115429,2799,bh-22,Gadus morhua,1
VR2W-115429,2800,bh-22,Gadus morhua,1
VR2W-115430,1497,s-5,Anguilla anguilla,1
VR2W-115430,1497,s-5,Gadus morhua,5
VR2W-115430,1497,s-5,Lampetra fluviatilis,5
VR2W-115430,1709,s-5,Anguilla anguilla,3
VR2W-115430,1709,s-5,Gadus morhua,8
VR2W-115430,1709,s-5,Lampetra fluviatilis,3
VR2W-115430,1944,s-5,Anguilla anguilla,1
VR2W-115430,1944,s-5,Gadus morhua,7
VR2W-115430,1944,s-5,Salmo salar,13
VR2W-115430,2243,s-5,Anguilla anguilla,2
VR2W-115430,2243,s-5,Gadus morhua,2
VR2W-115430,2659,s-5,Anguilla anguilla,7
VR2W-115430,2659,s-5,Lampetra fluviatilis,1
VR2W-115430,2659,s-5,Leuciscus idus,1
VR2W-115431,2181,VLVS10,Anguilla anguilla,1
VR2W-115431,2181,VLVS10,Salmo salar,1
VR2W-115432,1388,ws-14,Gadus morhua,3
VR2W-115434,1525,ws-23,Anguilla anguilla,1
VR2W-115434,1525,ws-23,Gadus morhua,10
VR2W-115434,1525,ws-23,Lampetra fluviatilis,2
VR2W-115434,1956,ws-23,Anguilla anguilla,1
VR2W-115434,1956,ws-23,Gadus morhua,3
VR2W-115434,1956,ws-23,Lampetra fluviatilis,1
VR2W-115434,1957,ws-23,Anguilla anguilla,1
VR2W-115434,1957,ws-23,Gadus morhua,1
VR2W-115434,2037,ws-23,Gadus morhua,4
VR2W-115434,2037,ws-23,Salmo salar,7
VR2W-115434,2134,ws-23,Anguilla anguilla,1
VR2W-115434,2135,ws-23,Anguilla anguilla,2
VR2W-115436,1544,ak-36,Alosa fallax,4
VR2W-115436,1544,ak-36,Anguilla anguilla,4
VR2W-115436,1544,ak-36,Gadus morhua,3
VR2W-115436,1544,ak-36,Lampetra fluviatilis,1
VR2W-115436,1544,ak-36,Salmo salar,5
VR2W-115436,1544,ak-36,Sentinel,2
VR2W-115436,1544,ak-36,Silurus glanis,1
VR2W-115436,1544,ak-36,Sync tag,7
VR2W-115436,1646,bh-28,Anguilla anguilla,1
VR2W-115436,1646,bh-28,Gadus morhua,1
VR2W-115436,2434,ak-36,Anguilla anguilla,4
VR2W-115436,2434,ak-36,Sentinel,5
VR2W-115436,2694,ak-36,Anguilla anguilla,1
VR2W-115436,2694,ak-36,Silurus glanis,1
VR2W-115436,2802,ak-36,Anguilla anguilla,4
VR2W-115436,2803,ak-36,Anguilla anguilla,4
VR2W-115436,2804,ak-36,Anguilla anguilla,4
VR2W-115436,2804,ak-36,Sentinel,2
VR2W-115437,1408,bh-20,Gadus morhua,1
VR2W-115437,1408,bh-20,Homarus gammarus,1
VR2W-115437,1408,bh-20,Lampetra fluviatilis,3
VR2W-115438,1423,bh-9,Anguilla anguilla,2
VR2W-115438,1423,bh-9,Lampetra fluviatilis,1
VR2W-115438,2026,s-Wichelen,Anguilla anguilla,2
VR2W-115438,2026,s-Wichelen,Gadus morhua,2
VR2W-115438,2251,s-Wichelen,Anguilla anguilla,2
VR2W-115438,2669,s-Wichelen,Anguilla anguilla,11
VR2W-115438,2669,s-Wichelen,Lampetra fluviatilis,1
VR2W-115438,2669,s-Wichelen,Leuciscus idus,4
VR2W-115438,2806,bh-9,Anguilla anguilla,1
VR2W-115439,1713,HH1,Anguilla anguilla,2
VR2W-115439,1713,HH1,Sentinel,1
VR2W-115439,1713,HH1,Silurus glanis,1
VR2W-115439,2435,HH1,Anguilla anguilla,6
VR2W-115439,2435,HH1,Sentinel,3
VR2W-115439,2435,HH1,Squalius cephalus,1
VR2W-115439,2695,HH1,Anguilla anguilla,6
VR2W-115439,2695,HH1,Sentinel,3
VR2W-115439,2695,HH1,Squalius cephalus,1
VR2W-115440,1404,bh-13,Homarus gammarus,1
VR2W-115440,1404,bh-13,Lampetra fluviatilis,4
VR2W-115440,2177,VLVS6,Anguilla anguilla,1
VR2W-115441,1498,s-6,Anguilla anguilla,2
VR2W-115441,1498,s-6,Gadus morhua,4
VR2W-115441,1498,s-6,Lampetra fluviatilis,6
VR2W-115441,1714,s-6,Anguilla anguilla,3
VR2W-115441,1714,s-6,Gadus morhua,8
VR2W-115441,1714,s-6,Lampetra fluviatilis,5
VR2W-115441,1945,s-6,Anguilla anguilla,1
VR2W-115441,1945,s-6,Gadus morhua,4
VR2W-115441,1945,s-6,Salmo salar,11
VR2W-115441,2244,s-6,Anguilla anguilla,3
VR2W-115441,2244,s-6,Gadus morhua,2
VR2W-115441,2658,s-6,Anguilla anguilla,10
VR2W-115441,2658,s-6,Lampetra fluviatilis,1
VR2W-115441,2658,s-6,Leuciscus idus,2
VR2W-115442,1499,s-7,Anguilla anguilla,3
VR2W-115442,1499,s-7,Gadus morhua,4
VR2W-115442,1499,s-7,Lampetra fluviatilis,6
VR2W-115442,1645,bh-25,Anguilla anguilla,1
VR2W-115442,1645,bh-25,Gadus morhua,1
VR2W-115442,1715,s-7,Anguilla anguilla,4
VR2W-115442,1715,s-7,Gadus morhua,8
VR2W-115442,1715,s-7,Lampetra fluviatilis,8
VR2W-115442,1946,s-7,Anguilla anguilla,1
VR2W-115442,1946,s-7,Gadus morhua,6
VR2W-115442,1946,s-7,Salmo salar,13
VR2W-115442,2245,s-7,Anguilla anguilla,4
VR2W-115442,2245,s-7,Gadus morhua,2
VR2W-115442,2657,s-7,Anguilla anguilla,7
VR2W-115442,2657,s-7,Leuciscus idus,1
VR2W-115443,1413,bh-27,Anguilla anguilla,1
VR2W-115443,1413,bh-27,Gadus morhua,3
VR2W-115443,1716,HH6,Anguilla anguilla,4
VR2W-115443,1716,HH6,Gadus morhua,1
VR2W-115443,1716,HH6,Sentinel,8
VR2W-115443,1717,HH6,Anguilla anguilla,2
VR2W-115443,1717,HH6,Sentinel,2
VR2W-115443,1717,HH6,Silurus glanis,1
VR2W-115443,2436,HH6,Anguilla anguilla,13
VR2W-115443,2436,HH6,Sentinel,14
VR2W-115443,2436,HH6,Silurus glanis,1
VR2W-115443,2436,HH6,Squalius cephalus,1
VR2W-115443,2696,HH6,Anguilla anguilla,13
VR2W-115443,2696,HH6,Sentinel,14
VR2W-115443,2696,HH6,Silurus glanis,1
VR2W-115443,2696,HH6,Squalius cephalus,1
VR2W-115444,2034,s-Vlassenbroek,Gadus morhua,1
VR2W-115444,2034,s-Vlassenbroek,Salmo salar,1
VR2W-115444,2252,s-Vlassenbroek,Gadus morhua,2
VR2W-115444,2664,s-Vlassenbroek,Anguilla anguilla,6
VR2W-115444,2664,s-Vlassenbroek,Lampetra fluviatilis,1
VR2W-115444,2664,s-Vlassenbroek,Leuciscus idus,1
VR2W-115445,1327,bh-36,Gadus morhua,1
VR2W-115445,1418,bh-36,Gadus morhua,20
VR2W-115445,1418,bh-36,Homarus gammarus,2
VR2W-115445,1418,bh-36,Lampetra fluviatilis,3
VR2W-115445,2811,bh-36,Gadus morhua,19
VR2W-115445,2811,bh-36,Homarus gammarus,2
VR2W-115445,2811,bh-36,Lampetra fluviatilis,3
VR2W-115446,1403,bh-11,Anguilla anguilla,1
VR2W-115446,1403,bh-11,Lampetra fluviatilis,3
VR2W-115447,1417,bh-35,Anguilla anguilla,1
VR2W-115447,1417,bh-35,Gadus morhua,21
VR2W-115447,1417,bh-35,Homarus gammarus,2
VR2W-115447,1417,bh-35,Lampetra fluviatilis,3
VR2W-115447,1503,ws-18,Gadus morhua,3
VR2W-115447,1503,ws-18,Lampetra fluviatilis,1
VR2W-115447,1720,ws-18,Anguilla anguilla,2
VR2W-115447,1720,ws-18,Gadus morhua,2
VR2W-115447,1973,ws-18,Gadus morhua,4
VR2W-115447,1973,ws-18,Lampetra fluviatilis,1
VR2W-115447,1973,ws-18,Salmo salar,5
VR2W-115447,2218,ws-18,Anguilla anguilla,1
VR2W-119047,1445,ma-8,Anguilla anguilla,2
VR2W-119047,1445,ma-8,Gadus morhua,1
VR2W-119047,1721,ma-8,Anguilla anguilla,2
VR2W-119047,1721,ma-8,Petromyzon marinus,1
VR2W-119047,2813,ma-8,Anguilla anguilla,1
VR2W-119047,2813,ma-8,Rutilus rutilus,1
VR2W-119048,1443,ma-6,Anguilla anguilla,2
VR2W-119048,1722,ma-6,Petromyzon marinus,1
VR2W-119048,2815,ma-6,Anguilla anguilla,1
VR2W-119048,2815,ma-6,Rutilus rutilus,1
VR2W-119049,1446,ma-9,Anguilla anguilla,2
VR2W-119049,1723,ma-9,Anguilla anguilla,2
VR2W-119049,1723,ma-9,Petromyzon marinus,1
VR2W-119049,2817,ma-9,Rutilus rutilus,1
VR2W-119052,1444,ma-7,Anguilla anguilla,2
VR2W-119052,2819,ma-7,Anguilla anguilla,2
VR2W-119052,2819,ma-7,Petromyzon marinus,1
VR2W-119056,1457,ma-5,Anguilla anguilla,2
VR2W-119056,1457,ma-5,Gadus morhua,1
VR2W-119056,1725,ma-5,Anguilla anguilla,4
VR2W-119056,1725,ma-5,Petromyzon marinus,1
VR2W-119056,1725,ma-5,Rutilus rutilus,1
VR2W-119057,1453,ma-1,Anguilla anguilla,5
VR2W-119057,1453,ma-1,Gadus morhua,1
VR2W-119057,1726,ma-1,Anguilla anguilla,6
VR2W-119057,1726,ma-1,Petromyzon marinus,1
VR2W-119057,1726,ma-1,Rutilus rutilus,1
VR2W-119057,2822,ma-1,Anguilla anguilla,1
VR2W-119057,2822,ma-1,Rutilus rutilus,1
VR2W-120095,1454,ma-2,Anguilla anguilla,5
VR2W-120095,1454,ma-2,Gadus morhua,1
VR2W-120095,2824,ma-2,Anguilla anguilla,1
VR2W-120095,2824,ma-2,Rutilus rutilus,1
VR2W-120873,1536,ws-PVTSS,Anguilla anguilla,2
VR2W-120873,1536,ws-PVTSS,Gadus morhua,2
VR2W-120873,1536,ws-PVTSS,Homarus gammarus,1
VR2W-120873,1857,ws-PVTSS,Anguilla anguilla,1
VR2W-120873,1858,ws-PVTSS,Anguilla anguilla,6
VR2W-120873,1859,ws-PVTSS,Anguilla anguilla,4
VR2W-120873,1859,ws-PVTSS,Gadus morhua,3
VR2W-120873,1859,ws-PVTSS,Lampetra fluviatilis,1
VR2W-120873,1860,ws-PVTSS,Anguilla anguilla,2
VR2W-120873,1860,ws-PVTSS,Gadus morhua,2
VR2W-120873,2038,ws-PVTSS,Gadus morhua,3
VR2W-120873,2038,ws-PVTSS,Salmo salar,6
VR2W-120873,2219,ws-PVTSS,Anguilla anguilla,2
VR2W-120874,1520,ws-11,Anguilla anguilla,2
VR2W-120874,1520,ws-11,Gadus morhua,5
VR2W-120874,1842,ws-11,Anguilla anguilla,5
VR2W-120874,1958,ws-11,Anguilla anguilla,2
VR2W-120874,1958,ws-11,Gadus morhua,1
VR2W-120874,1958,ws-11,Lampetra fluviatilis,1
VR2W-120874,1959,ws-11,Anguilla anguilla,4
VR2W-120874,1959,ws-11,Gadus morhua,2
VR2W-120874,1959,ws-11,Silurus glanis,1
VR2W-120874,2039,ws-11,Gadus morhua,3
VR2W-120874,2039,ws-11,Salmo salar,8
VR2W-120874,2137,ws-11,Anguilla anguilla,2
VR2W-120874,2220,ws-11,Anguilla anguilla,4
VR2W-120874,2220,ws-11,Gadus morhua,1
VR2W-120874,2220,ws-11,Sentinel,1
VR2W-120875,1664,ws-2C,Gadus morhua,1
VR2W-120876,1522,ws-13,Anguilla anguilla,2
VR2W-120876,1522,ws-13,Gadus morhua,4
VR2W-120876,1990,ws-13,Anguilla anguilla,6
VR2W-120876,1991,ws-13,Anguilla anguilla,4
VR2W-120876,1991,ws-13,Gadus morhua,2
VR2W-120876,1991,ws-13,Lampetra fluviatilis,1
VR2W-120876,2141,ws-13,Gadus morhua,2
VR2W-120876,2141,ws-13,Salmo salar,7
VR2W-120876,2221,ws-13,Anguilla anguilla,3
VR2W-120877,1526,ws-25,Anguilla anguilla,1
VR2W-120877,1526,ws-25,Gadus morhua,9
VR2W-120877,1861,ws-25,Anguilla anguilla,1
VR2W-120877,1863,ws-25,Gadus morhua,1
VR2W-120877,1863,ws-25,Lampetra fluviatilis,1
VR2W-120877,1864,ws-25,Anguilla anguilla,1
VR2W-120877,1864,ws-25,Gadus morhua,2
VR2W-120877,1864,ws-25,Lampetra fluviatilis,1
VR2W-120877,2040,ws-25,Gadus morhua,3
VR2W-120877,2040,ws-25,Salmo salar,7
VR2W-120878,1523,ws-15,Anguilla anguilla,2
VR2W-120878,1523,ws-15,Gadus morhua,5
VR2W-120878,1523,ws-15,Homarus gammarus,1
VR2W-120878,1523,ws-15,Lampetra fluviatilis,2
VR2W-120878,1865,ws-15,Anguilla anguilla,2
VR2W-120878,1866,ws-15,Anguilla anguilla,7
VR2W-120878,1867,ws-15,Anguilla anguilla,2
VR2W-120878,1867,ws-15,Gadus morhua,2
VR2W-120878,2041,ws-15,Gadus morhua,3
VR2W-120878,2041,ws-15,Salmo salar,7
VR2W-120878,2223,ws-15,Anguilla anguilla,1
VR2W-120879,1667,ws-K,Gadus morhua,6
VR2W-120880,1665,ws-A1,Gadus morhua,4
VR2W-120880,1665,ws-A1,Lampetra fluviatilis,2
VR2W-120881,1530,ws-A3,Anguilla anguilla,2
VR2W-120881,1666,ws-A3,Gadus morhua,6
VR2W-120881,1666,ws-A3,Homarus gammarus,1
VR2W-120881,1666,ws-A3,Lampetra fluviatilis,1
VR2W-120881,1930,ws-A3,Anguilla anguilla,2
VR2W-120881,1930,ws-A3,Gadus morhua,2
VR2W-120881,1930,ws-A3,Lampetra fluviatilis,1
VR2W-120881,1931,ws-A3,Anguilla anguilla,1
VR2W-120881,1976,ws-A3,Lampetra fluviatilis,1
VR2W-120881,2142,ws-A3,Anguilla anguilla,3
VR2W-120882,1528,ws-4,Anguilla anguilla,2
VR2W-120882,1528,ws-4,Gadus morhua,6
VR2W-120882,1528,ws-4,Homarus gammarus,1
VR2W-120882,1869,ws-4,Anguilla anguilla,2
VR2W-120882,1870,ws-4,Anguilla anguilla,7
VR2W-120882,1871,ws-4,Anguilla anguilla,2
VR2W-120882,1871,ws-4,Gadus morhua,2
VR2W-120882,1871,ws-4,Lampetra fluviatilis,1
VR2W-120882,1872,ws-4,Anguilla anguilla,2
VR2W-120882,1872,ws-4,Gadus morhua,2
VR2W-120882,1872,ws-4,Silurus glanis,1
VR2W-120882,1984,ws-4,Gadus morhua,4
VR2W-120882,1984,ws-4,Salmo salar,7
VR2W-120882,2224,ws-4,Anguilla anguilla,1
VR2W-120883,1529,ws-6,Anguilla anguilla,3
VR2W-120883,1529,ws-6,Gadus morhua,6
VR2W-120883,1529,ws-6,Homarus gammarus,1
VR2W-120883,1873,ws-6,Gadus morhua,4
VR2W-120883,1873,ws-6,Homarus gammarus,1
VR2W-120883,1874,ws-6,Anguilla anguilla,1
VR2W-120883,1875,ws-6,Anguilla anguilla,7
VR2W-120883,1876,ws-6,Anguilla anguilla,1
VR2W-120883,1876,ws-6,Gadus morhua,2
VR2W-120883,1876,ws-6,Silurus glanis,1
VR2W-120883,1977,ws-6,Gadus morhua,4
VR2W-120883,1977,ws-6,Salmo salar,7
VR2W-120883,2225,ws-6,Anguilla anguilla,1
VR2W-120884,1531,ws-A5,Anguilla anguilla,1
VR2W-120884,1531,ws-A5,Gadus morhua,7
VR2W-120884,1531,ws-A5,Homarus gammarus,1
VR2W-120884,1531,ws-A5,Lampetra fluviatilis,2
VR2W-120884,1877,ws-A5,Anguilla anguilla,1
VR2W-120884,1878,ws-A5,Anguilla anguilla,3
VR2W-120884,1879,ws-A5,Anguilla anguilla,1
VR2W-120884,1879,ws-A5,Gadus morhua,2
VR2W-120884,1879,ws-A5,Lampetra fluviatilis,1
VR2W-120884,1880,ws-A5,Anguilla anguilla,1
VR2W-120884,1880,ws-A5,Gadus morhua,2
VR2W-120884,1978,ws-A5,Salmo salar,1
VR2W-120884,2043,ws-A5,Gadus morhua,3
VR2W-120884,2043,ws-A5,Salmo salar,8
VR2W-120885,1534,ws-PPC,Anguilla anguilla,1
VR2W-120885,1534,ws-PPC,Gadus morhua,6
VR2W-120885,1534,ws-PPC,Homarus gammarus,1
VR2W-120885,1534,ws-PPC,Lampetra fluviatilis,1
VR2W-120885,1535,ws-PPC,Anguilla anguilla,2
VR2W-120885,1535,ws-PPC,Gadus morhua,1
VR2W-120885,1730,ws-PPC,Gadus morhua,1
VR2W-120885,1730,ws-PPC,Lampetra fluviatilis,1
VR2W-120885,1979,ws-PPC,Gadus morhua,1
VR2W-120885,1979,ws-PPC,Salmo salar,1
VR2W-120886,1524,ws-15A,Anguilla anguilla,4
VR2W-120886,1524,ws-15A,Gadus morhua,5
VR2W-120886,1524,ws-15A,Homarus gammarus,1
VR2W-120886,1524,ws-15A,Lampetra fluviatilis,2
VR2W-120886,1881,ws-15A,Anguilla anguilla,1
VR2W-120886,1881,ws-15A,Gadus morhua,4
VR2W-120886,1881,ws-15A,Homarus gammarus,1
VR2W-120886,1881,ws-15A,Lampetra fluviatilis,2
VR2W-120886,1882,ws-15A,Anguilla anguilla,2
VR2W-120886,1883,ws-15A,Anguilla anguilla,4
VR2W-120886,1884,ws-15A,Gadus morhua,1
VR2W-120886,2044,ws-15A,Gadus morhua,5
VR2W-120886,2044,ws-15A,Salmo salar,7
VR2W-120886,2228,ws-15A,Anguilla anguilla,2
VR2W-120887,1532,ws-PPB,Anguilla anguilla,1
VR2W-120887,1532,ws-PPB,Gadus morhua,4
VR2W-120887,1533,ws-PPB,Anguilla anguilla,2
VR2W-120887,1533,ws-PPB,Gadus morhua,1
VR2W-120887,1732,ws-PPB,Anguilla anguilla,1
VR2W-120887,1732,ws-PPB,Lampetra fluviatilis,1
VR2W-120887,1733,ws-PPB,Anguilla anguilla,1
VR2W-120887,1981,ws-PPB,Gadus morhua,3
VR2W-120887,1981,ws-PPB,Salmo salar,3
VR2W-122155,1579,ak-9,Anguilla anguilla,8
VR2W-122155,1579,ak-9,Gadus morhua,1
VR2W-122155,2826,ak-9,Anguilla anguilla,3
VR2W-122155,2826,ak-9,Gadus morhua,1
VR2W-122155,2827,ak-9,Anguilla anguilla,8
VR2W-122155,2828,ak-9,Anguilla anguilla,3
VR2W-122155,2829,ak-9,Anguilla anguilla,1
VR2W-122155,2829,ak-9,Gadus morhua,1
VR2W-122155,2830,ak-9,Anguilla anguilla,2
VR2W-122155,2831,ak-9,Anguilla anguilla,2
VR2W-122155,2832,ak-9,Anguilla anguilla,11
VR2W-122155,2832,ak-9,Petromyzon marinus,1
VR2W-122155,2832,ak-9,Rutilus rutilus,2
VR2W-122155,2833,ak-9,Anguilla anguilla,3
VR2W-122155,3295,ak-9,Anguilla anguilla,1
VR2W-122155,3295,ak-9,Sentinel,2
VR2W-122156,2835,ak-12,Anguilla anguilla,1
VR2W-122156,2836,ak-12,Gadus morhua,1
VR2W-122157,3290,ak-14,Anguilla anguilla,5
VR2W-122319,1377,ak-31,Anguilla anguilla,2
VR2W-122319,1463,ak-31,Anguilla anguilla,3
VR2W-122319,1463,ak-31,Gadus morhua,11
VR2W-122319,2148,ak-31,Alosa fallax,3
VR2W-122319,2148,ak-31,Anguilla anguilla,3
VR2W-122319,2148,ak-31,Gadus morhua,10
VR2W-122319,2148,ak-31,Salmo salar,7
VR2W-122319,2148,ak-31,Sentinel,3
VR2W-122319,2148,ak-31,Silurus glanis,1
VR2W-122319,2148,ak-31,Sync tag,5
VR2W-122319,2501,ak-31,Anguilla anguilla,4
VR2W-122319,2501,ak-31,Gadus morhua,8
VR2W-122319,2501,ak-31,Sentinel,7
VR2W-122319,2697,ak-31,Anguilla anguilla,3
VR2W-122319,2839,ak-31,Gadus morhua,8
VR2W-122320,1378,de-7,Anguilla anguilla,7
VR2W-122320,1378,de-7,Salmo salar,3
VR2W-122320,1593,de-7,Salmo salar,1
VR2W-122320,1734,de-7,Salmo salar,1
VR2W-122320,1735,de-7,Salmo salar,1
VR2W-122320,1736,M-6,Anguilla anguilla,4
VR2W-122320,1736,M-6,Lampetra fluviatilis,10
VR2W-122320,1737,M-6,Anguilla anguilla,4
VR2W-122320,1737,M-6,Lampetra fluviatilis,2
VR2W-122320,1738,M-6,Anguilla anguilla,5
VR2W-122320,1738,M-6,Lampetra fluviatilis,10
VR2W-122320,1739,M-6,Anguilla anguilla,3
VR2W-122320,1739,M-6,Lampetra fluviatilis,10
VR2W-122320,1740,M-6,Anguilla anguilla,5
VR2W-122320,1740,M-6,Lampetra fluviatilis,1
VR2W-122320,1740,M-6,Salmo salar,1
VR2W-122321,1464,ak-32,Anguilla anguilla,1
VR2W-122321,1936,ak-32,Anguilla anguilla,9
VR2W-122321,1936,ak-32,Gadus morhua,6
VR2W-122321,1936,ak-32,Sentinel,5
VR2W-122321,1937,ak-32,Alosa fallax,3
VR2W-122321,1937,ak-32,Anguilla anguilla,3
VR2W-122321,1937,ak-32,Gadus morhua,10
VR2W-122321,1937,ak-32,Lampetra fluviatilis,4
VR2W-122321,1937,ak-32,Salmo salar,6
VR2W-122321,1937,ak-32,Sentinel,3
VR2W-122321,1937,ak-32,Silurus glanis,1
VR2W-122321,1937,ak-32,Sync tag,8
VR2W-122321,2502,ak-32,Anguilla anguilla,4
VR2W-122321,2502,ak-32,Gadus morhua,6
VR2W-122321,2502,ak-32,Sentinel,3
VR2W-122321,2698,ak-32,Gadus morhua,6
VR2W-122321,2841,ak-32,Anguilla anguilla,7
VR2W-122321,2841,ak-32,Gadus morhua,5
VR2W-122322,1379,s-2a,Anguilla anguilla,5
VR2W-122322,1379,s-2a,Salmo salar,2
VR2W-122322,1741,s-2a,Anguilla anguilla,4
VR2W-122322,1741,s-2a,Gadus morhua,5
VR2W-122322,1741,s-2a,Lampetra fluviatilis,1
VR2W-122322,1947,s-2a,Anguilla anguilla,1
VR2W-122322,1947,s-2a,Gadus morhua,4
VR2W-122322,2117,s-2a,Anguilla anguilla,2
VR2W-122322,2117,s-2a,Gadus morhua,4
VR2W-122322,2253,s-2a,Anguilla anguilla,3
VR2W-122322,2253,s-2a,Gadus morhua,2
VR2W-122322,2668,s-2a,Anguilla anguilla,10
VR2W-122322,2668,s-2a,Gadus morhua,1
VR2W-122322,2668,s-2a,Lampetra fluviatilis,1
VR2W-122322,2668,s-2a,Leuciscus idus,3
VR2W-122323,1662,de-4,Anguilla anguilla,4
VR2W-122323,1662,de-4,Salmo salar,2
VR2W-122324,1380,ma-3,Anguilla anguilla,2
VR2W-122324,2192,ma-3,Anguilla anguilla,2
VR2W-122324,2192,ma-3,Silurus glanis,1
VR2W-122324,3350,ma-3,Anguilla anguilla,1
VR2W-122325,1478,de-2,Anguilla anguilla,3
VR2W-122325,1495,s-3,Lampetra fluviatilis,1
VR2W-122325,1742,s-3,Anguilla anguilla,4
VR2W-122325,1742,s-3,Gadus morhua,2
VR2W-122325,1742,s-3,Lampetra fluviatilis,3
VR2W-122325,1948,s-3,Anguilla anguilla,1
VR2W-122325,1948,s-3,Gadus morhua,1
VR2W-122325,1948,s-3,Salmo salar,1
VR2W-122325,2254,s-3,Anguilla anguilla,2
VR2W-122325,2667,s-3,Anguilla anguilla,9
VR2W-122325,2667,s-3,Lampetra fluviatilis,1
VR2W-122325,2667,s-3,Leuciscus idus,3
VR2W-122326,1401,ak-28,Anguilla anguilla,17
VR2W-122326,1401,ak-28,Gadus morhua,12
VR2W-122326,1401,ak-28,Sentinel,5
VR2W-122326,1744,ak-28,Alosa fallax,4
VR2W-122326,1744,ak-28,Anguilla anguilla,3
VR2W-122326,1744,ak-28,Gadus morhua,15
VR2W-122326,1744,ak-28,Lampetra fluviatilis,3
VR2W-122326,1744,ak-28,Salmo salar,8
VR2W-122326,1744,ak-28,Sentinel,2
VR2W-122326,1744,ak-28,Silurus glanis,2
VR2W-122326,1744,ak-28,Sync tag,6
VR2W-122326,2437,ak-28,Anguilla anguilla,5
VR2W-122326,2437,ak-28,Gadus morhua,8
VR2W-122326,2437,ak-28,Sentinel,8
VR2W-122326,2845,ak-28,Anguilla anguilla,1
VR2W-122326,2846,ak-28,Anguilla anguilla,6
VR2W-122327,1565,ak-2,Anguilla anguilla,8
VR2W-122327,1565,ak-2,Petromyzon marinus,1
VR2W-122327,1565,ak-2,Rutilus rutilus,2
VR2W-122327,2848,ak-2,Anguilla anguilla,2
VR2W-122328,1574,ak-3,Anguilla anguilla,9
VR2W-122328,1574,ak-3,Petromyzon marinus,1
VR2W-122328,1574,ak-3,Rutilus rutilus,2
VR2W-122328,2850,ak-3,Anguilla anguilla,2
VR2W-122328,3298,ak-3,Anguilla anguilla,1
VR2W-122328,3298,ak-3,Sentinel,2
VR2W-122329,1527,ws-2C,Anguilla anguilla,2
VR2W-122329,1885,ws-2C,Anguilla anguilla,2
VR2W-122329,1886,ws-2C,Anguilla anguilla,3
VR2W-122329,1888,ws-2C,Anguilla anguilla,4
VR2W-122329,1888,ws-2C,Silurus glanis,1
VR2W-122329,1982,ws-2C,Gadus morhua,2
VR2W-122329,1982,ws-2C,Salmo salar,9
VR2W-122329,2230,ws-2C,Anguilla anguilla,3
VR2W-122330,1427,de-8,Anguilla anguilla,8
VR2W-122330,1427,de-8,Salmo salar,4
VR2W-122330,1573,de-8,Salmo salar,1
VR2W-122330,1745,de-8,Salmo salar,1
VR2W-122330,1746,ak-27,Anguilla anguilla,4
VR2W-122330,1747,ak-27,Anguilla anguilla,2
VR2W-122330,1747,ak-27,Sentinel,1
VR2W-122330,1747,ak-27,Silurus glanis,1
VR2W-122330,2438,ak-27,Anguilla anguilla,4
VR2W-122330,2438,ak-27,Sentinel,1
VR2W-122330,2438,ak-27,Squalius cephalus,1
VR2W-122330,2677,ak-27,Sentinel,1
VR2W-122330,2852,ak-27,Anguilla anguilla,4
VR2W-122331,1385,ak-30,Anguilla anguilla,1
VR2W-122331,1462,ak-30,Anguilla anguilla,1
VR2W-122331,1933,ak-30,Anguilla anguilla,5
VR2W-122331,1933,ak-30,Gadus morhua,10
VR2W-122331,1933,ak-30,Sentinel,4
VR2W-122331,1934,ak-30,Alosa fallax,2
VR2W-122331,1934,ak-30,Anguilla anguilla,5
VR2W-122331,1934,ak-30,Gadus morhua,15
VR2W-122331,1934,ak-30,Lampetra fluviatilis,2
VR2W-122331,1934,ak-30,Salmo salar,4
VR2W-122331,1934,ak-30,Sentinel,5
VR2W-122331,1934,ak-30,Silurus glanis,1
VR2W-122331,1934,ak-30,Sync tag,5
VR2W-122331,2854,ak-30,Anguilla anguilla,7
VR2W-122331,2854,ak-30,Gadus morhua,8
VR2W-122332,1558,ak-1,Anguilla anguilla,2
VR2W-122332,1558,ak-1,Rutilus rutilus,1
VR2W-122332,3300,ak-1,Anguilla anguilla,1
VR2W-122332,3300,ak-1,Sentinel,1
VR2W-122333,1474,ak-24,Gadus morhua,1
VR2W-122333,1595,HH10,Anguilla anguilla,2
VR2W-122333,1595,HH10,Sentinel,5
VR2W-122333,1748,HH10,Anguilla anguilla,3
VR2W-122333,2439,HH10,Anguilla anguilla,7
VR2W-122333,2439,HH10,Sentinel,9
VR2W-122333,2699,HH10,Sentinel,1
VR2W-122333,2856,ak-24,Anguilla anguilla,13
VR2W-122333,2856,ak-24,Gadus morhua,1
VR2W-122333,2857,ak-24,Anguilla anguilla,9
VR2W-122333,2858,ak-24,Anguilla anguilla,13
VR2W-122334,1572,ak-26,Anguilla anguilla,2
VR2W-122334,2458,ak-26,Anguilla anguilla,4
VR2W-122334,2458,ak-26,Silurus glanis,1
VR2W-122334,2459,ak-26,Anguilla anguilla,3
VR2W-122334,2459,ak-26,Sentinel,1
VR2W-122334,2459,ak-26,Squalius cephalus,1
VR2W-122334,2678,ak-26,Sentinel,1
VR2W-122334,2860,ak-26,Anguilla anguilla,2
VR2W-122334,2861,ak-26,Anguilla anguilla,16
VR2W-122334,2862,ak-26,Anguilla anguilla,15
VR2W-122334,2863,ak-26,Anguilla anguilla,19
VR2W-122334,2864,ak-26,Anguilla anguilla,9
VR2W-122334,2865,ak-26,Anguilla anguilla,6
VR2W-122334,2866,ak-26,Anguilla anguilla,7
VR2W-122335,1434,de-16,Anguilla anguilla,2
VR2W-122335,1434,de-16,Salmo salar,3
VR2W-122336,1473,ak-x,Anguilla anguilla,17
VR2W-122336,1473,ak-x,Gadus morhua,13
VR2W-122336,1473,ak-x,Salmo salar,1
VR2W-122336,2258,s-4c,Anguilla anguilla,2
VR2W-122336,2258,s-4c,Gadus morhua,3
VR2W-122336,2660,s-4c,Anguilla anguilla,7
VR2W-122336,2660,s-4c,Lampetra fluviatilis,1
VR2W-122336,2660,s-4c,Leuciscus idus,1
VR2W-122336,3280,ak-x,Alosa fallax,3
VR2W-122336,3280,ak-x,Gadus morhua,13
VR2W-122336,3280,ak-x,Salmo salar,1
VR2W-122337,1425,de-5,Anguilla anguilla,8
VR2W-122337,1425,de-5,Salmo salar,2
VR2W-122337,1494,s-2,Anguilla anguilla,11
VR2W-122337,1494,s-2,Gadus morhua,9
VR2W-122337,1494,s-2,Lampetra fluviatilis,1
VR2W-122338,1466,ws-K,Anguilla anguilla,1
VR2W-122338,1624,ws-25A,Gadus morhua,1
VR2W-122338,1749,ws-25A,Gadus morhua,1
VR2W-122338,1749,ws-25A,Lampetra fluviatilis,1
VR2W-122339,1381,s-4c,Anguilla anguilla,3
VR2W-122339,1471,s-4c,Gadus morhua,4
VR2W-122339,1471,s-4c,Lampetra fluviatilis,4
VR2W-122339,1751,s-4c,Anguilla anguilla,6
VR2W-122339,1751,s-4c,Gadus morhua,18
VR2W-122339,1751,s-4c,Lampetra fluviatilis,4
VR2W-122339,1751,s-4c,Salmo salar,13
VR2W-122339,2869,s-4c,Anguilla anguilla,2
VR2W-122340,1569,ak-23,Anguilla anguilla,3
VR2W-122340,1569,ak-23,Gadus morhua,1
VR2W-122340,2456,ak-23,Silurus glanis,1
VR2W-122340,2457,ak-23,Anguilla anguilla,2
VR2W-122340,2457,ak-23,Sentinel,1
VR2W-122340,2457,ak-23,Squalius cephalus,1
VR2W-122340,2679,ak-23,Sentinel,2
VR2W-122340,2871,ak-23,Anguilla anguilla,3
VR2W-122340,2872,ak-23,Anguilla anguilla,12
VR2W-122340,2873,ak-23,Anguilla anguilla,9
VR2W-122340,2874,ak-23,Anguilla anguilla,10
VR2W-122340,2875,ak-23,Anguilla anguilla,5
VR2W-122340,2876,ak-23,Anguilla anguilla,1
VR2W-122340,2877,ak-23,Anguilla anguilla,4
VR2W-122341,1663,de-6,Anguilla anguilla,6
VR2W-122341,1663,de-6,Salmo salar,3
VR2W-122343,1465,ws-A1,Anguilla anguilla,2
VR2W-122343,1609,ws-A1,Anguilla anguilla,3
VR2W-122343,1752,ws-A1,Anguilla anguilla,2
VR2W-122343,1752,ws-A1,Gadus morhua,2
VR2W-122343,1753,ws-A1,Anguilla anguilla,1
VR2W-122343,1753,ws-A1,Gadus morhua,2
VR2W-122343,1967,ws-A1,Lampetra fluviatilis,1
VR2W-122343,2045,ws-A1,Gadus morhua,3
VR2W-122343,2045,ws-A1,Salmo salar,7
VR2W-122344,1661,de-3,Anguilla anguilla,2
VR2W-122345,1658,de-2,Anguilla anguilla,1
VR2W-122346,1623,ws-16,Anguilla anguilla,2
VR2W-122346,1890,ws-16,Anguilla anguilla,1
VR2W-122346,1890,ws-16,Gadus morhua,3
VR2W-122346,1890,ws-16,Lampetra fluviatilis,1
VR2W-122346,1891,ws-16,Anguilla anguilla,2
VR2W-122346,1891,ws-16,Gadus morhua,3
VR2W-122346,1968,ws-16,Gadus morhua,6
VR2W-122346,1968,ws-16,Salmo salar,11
VR2W-122346,2232,ws-16,Anguilla anguilla,1
VR2W-122346,2232,ws-16,Gadus morhua,1
VR2W-122346,2232,ws-16,Silurus glanis,1
VR2W-122347,1564,ak-19,Anguilla anguilla,9
VR2W-122347,1564,ak-19,Gadus morhua,4
VR2W-122347,1564,ak-19,Petromyzon marinus,1
VR2W-122347,2454,ak-19,Silurus glanis,1
VR2W-122347,2455,ak-19,Anguilla anguilla,1
VR2W-122347,2879,ak-19,Anguilla anguilla,9
VR2W-122347,2879,ak-19,Petromyzon marinus,1
VR2W-122347,2880,ak-19,Anguilla anguilla,19
VR2W-122347,2880,ak-19,Petromyzon marinus,1
VR2W-122347,2881,ak-19,Anguilla anguilla,9
VR2W-122347,2882,ak-19,Anguilla anguilla,10
VR2W-122347,2882,ak-19,Gadus morhua,4
VR2W-122347,2882,ak-19,Silurus glanis,1
VR2W-122347,2883,ak-19,Anguilla anguilla,3
VR2W-122347,2884,ak-19,Anguilla anguilla,6
VR2W-122347,2884,ak-19,Silurus glanis,1
VR2W-122347,2885,ak-19,Anguilla anguilla,4
VR2W-122347,2885,ak-19,Silurus glanis,1
VR2W-122348,1433,de-14,Anguilla anguilla,5
VR2W-122348,1433,de-14,Salmo salar,4
VR2W-122348,1592,de-14,Salmo salar,2
VR2W-122348,1754,de-14,Salmo salar,1
VR2W-122348,1755,de-14,Salmo salar,1
VR2W-122348,1756,M-5,Anguilla anguilla,3
VR2W-122348,1756,M-5,Lampetra fluviatilis,12
VR2W-122348,1757,M-5,Anguilla anguilla,4
VR2W-122348,1757,M-5,Lampetra fluviatilis,3
VR2W-122348,1758,M-5,Anguilla anguilla,5
VR2W-122348,1758,M-5,Lampetra fluviatilis,7
VR2W-122348,1759,M-5,Anguilla anguilla,2
VR2W-122348,1759,M-5,Lampetra fluviatilis,9
VR2W-122348,1760,M-5,Anguilla anguilla,5
VR2W-122348,1760,M-5,Lampetra fluviatilis,2
VR2W-122349,2440,ak-35,Anguilla anguilla,2
VR2W-122349,2440,ak-35,Sentinel,1
VR2W-122349,2700,ak-35,Anguilla anguilla,6
VR2W-122349,2700,ak-35,Sentinel,6
VR2W-122349,2700,ak-35,Silurus glanis,1
VR2W-122349,2702,ak-35,Silurus glanis,1
VR2W-122349,2887,ak-35,Anguilla anguilla,1
VR2W-122349,2888,ak-35,Anguilla anguilla,1
VR2W-122349,2889,ak-35,Anguilla anguilla,4
VR2W-122349,2890,ak-35,Anguilla anguilla,4
VR2W-122349,2891,ak-35,Anguilla anguilla,5
VR2W-122349,2891,ak-35,Sentinel,2
VR2W-122349,2892,ak-35,Alosa fallax,1
VR2W-122349,2892,ak-35,Lampetra fluviatilis,1
VR2W-122349,2892,ak-35,Salmo salar,1
VR2W-122349,2892,ak-35,Sync tag,1
VR2W-122349,2893,ak-35,Alosa fallax,3
VR2W-122349,2893,ak-35,Anguilla anguilla,4
VR2W-122349,2893,ak-35,Gadus morhua,4
VR2W-122349,2893,ak-35,Lampetra fluviatilis,2
VR2W-122349,2893,ak-35,Salmo salar,5
VR2W-122349,2893,ak-35,Sentinel,2
VR2W-122349,2893,ak-35,Silurus glanis,1
VR2W-122349,2893,ak-35,Sync tag,8
VR2W-122350,1424,de-1,Anguilla anguilla,5
VR2W-122350,1590,M-4,Anguilla anguilla,4
VR2W-122350,1590,M-4,Lampetra fluviatilis,16
VR2W-122350,1761,M-4,Anguilla anguilla,11
VR2W-122350,1761,M-4,Lampetra fluviatilis,2
VR2W-122350,1762,M-4,Anguilla anguilla,8
VR2W-122350,1762,M-4,Lampetra fluviatilis,10
VR2W-122350,1763,M-4,Anguilla anguilla,3
VR2W-122350,1763,M-4,Lampetra fluviatilis,10
VR2W-122350,1764,M-4,Anguilla anguilla,6
VR2W-122350,1764,M-4,Lampetra fluviatilis,4
VR2W-122351,1765,ak-40,Alosa fallax,2
VR2W-122351,1765,ak-40,Anguilla anguilla,5
VR2W-122351,1765,ak-40,Gadus morhua,3
VR2W-122351,1765,ak-40,Lampetra fluviatilis,1
VR2W-122351,1765,ak-40,Salmo salar,4
VR2W-122351,1765,ak-40,Sentinel,2
VR2W-122351,1765,ak-40,Silurus glanis,1
VR2W-122351,1765,ak-40,Sync tag,4
VR2W-122351,2441,ak-40,Anguilla anguilla,2
VR2W-122351,2441,ak-40,Sentinel,4
VR2W-122351,2701,ak-40,Anguilla anguilla,2
VR2W-122351,2701,ak-40,Sentinel,4
VR2W-122351,2894,ak-40,Anguilla anguilla,3
VR2W-122352,1567,ak-21,Anguilla anguilla,24
VR2W-122352,1567,ak-21,Gadus morhua,4
VR2W-122352,2460,ak-21,Anguilla anguilla,23
VR2W-122352,2461,ak-21,Anguilla anguilla,32
VR2W-122352,2461,ak-21,Petromyzon marinus,1
VR2W-122352,2462,ak-21,Anguilla anguilla,13
VR2W-122352,2463,ak-21,Anguilla anguilla,14
VR2W-122352,2463,ak-21,Gadus morhua,4
VR2W-122352,2463,ak-21,Silurus glanis,1
VR2W-122352,2464,ak-21,Anguilla anguilla,4
VR2W-122352,2465,ak-21,Anguilla anguilla,10
VR2W-122352,2465,ak-21,Silurus glanis,2
VR2W-122352,2465,ak-21,Squalius cephalus,1
VR2W-122352,2466,ak-21,Anguilla anguilla,8
VR2W-122352,2466,ak-21,Silurus glanis,2
VR2W-122353,1571,ak-25,Gadus morhua,1
VR2W-122353,2452,ak-25,Anguilla anguilla,4
VR2W-122353,2452,ak-25,Gadus morhua,1
VR2W-122353,2452,ak-25,Silurus glanis,1
VR2W-122353,2453,ak-25,Anguilla anguilla,3
VR2W-122353,2453,ak-25,Gadus morhua,1
VR2W-122353,2453,ak-25,Sentinel,1
VR2W-122353,2453,ak-25,Squalius cephalus,1
VR2W-122353,2681,ak-25,Sentinel,1
VR2W-122353,2895,ak-25,Gadus morhua,1
VR2W-122353,2896,ak-25,Anguilla anguilla,16
VR2W-122353,2896,ak-25,Gadus morhua,1
VR2W-122353,2897,ak-25,Anguilla anguilla,16
VR2W-122353,2898,ak-25,Anguilla anguilla,20
VR2W-122353,2899,ak-25,Anguilla anguilla,9
VR2W-122353,2900,ak-25,Anguilla anguilla,5
VR2W-122353,2901,ak-25,Anguilla anguilla,7
VR2W-122354,1476,ak-29,Alosa fallax,4
VR2W-122354,1476,ak-29,Anguilla anguilla,4
VR2W-122354,1476,ak-29,Gadus morhua,18
VR2W-122354,1476,ak-29,Lampetra fluviatilis,6
VR2W-122354,1476,ak-29,Salmo salar,15
VR2W-122354,1476,ak-29,Sentinel,2
VR2W-122354,1476,ak-29,Silurus glanis,2
VR2W-122354,1476,ak-29,Sync tag,11
VR2W-122354,2277,ak-29,Anguilla anguilla,11
VR2W-122354,2277,ak-29,Gadus morhua,13
VR2W-122354,2277,ak-29,Sentinel,12
VR2W-122354,2277,ak-29,Silurus glanis,1
VR2W-122354,2277,ak-29,Squalius cephalus,1
VR2W-122354,2703,ak-29,Gadus morhua,13
VR2W-122354,2705,ak-29,Gadus morhua,13
VR2W-122354,2903,ak-29,Anguilla anguilla,1
VR2W-122354,2904,ak-29,Anguilla anguilla,1
VR2W-122354,2905,ak-29,Anguilla anguilla,2
VR2W-122354,2906,ak-29,Anguilla anguilla,10
VR2W-122354,2907,ak-29,Anguilla anguilla,13
VR2W-122354,2907,ak-29,Gadus morhua,14
VR2W-122354,2908,ak-29,Anguilla anguilla,14
VR2W-122354,2908,ak-29,Gadus morhua,14
VR2W-122354,2909,ak-29,Anguilla anguilla,14
VR2W-122354,2909,ak-29,Gadus morhua,14
VR2W-122354,2910,ak-29,Anguilla anguilla,1
VR2W-122354,2910,ak-29,Gadus morhua,13
VR2W-122354,2911,ak-29,Anguilla anguilla,9
VR2W-122354,2911,ak-29,Gadus morhua,14
VR2W-122354,2911,ak-29,Sentinel,7
VR2W-122355,1637,ak-22,Gadus morhua,5
VR2W-122357,2028,gn-Lier,Anguilla anguilla,1
VR2W-122357,2568,gn-Lier,Anguilla anguilla,1
VR2W-122358,1766,ak-39,Alosa fallax,2
VR2W-122358,1766,ak-39,Anguilla anguilla,5
VR2W-122358,1766,ak-39,Gadus morhua,3
VR2W-122358,1766,ak-39,Lampetra fluviatilis,1
VR2W-122358,1766,ak-39,Salmo salar,4
VR2W-122358,1766,ak-39,Sentinel,2
VR2W-122358,1766,ak-39,Silurus glanis,1
VR2W-122358,1766,ak-39,Sync tag,6
VR2W-122358,2442,ak-39,Anguilla anguilla,2
VR2W-122358,2442,ak-39,Sentinel,4
VR2W-122358,2706,ak-39,Silurus glanis,1
VR2W-122358,2913,ak-39,Anguilla anguilla,3
VR2W-122358,2914,ak-39,Anguilla anguilla,5
VR2W-122358,2915,ak-39,Anguilla anguilla,3
VR2W-122358,2915,ak-39,Sentinel,2
VR2W-122358,2916,ak-39,Anguilla anguilla,2
VR2W-122358,2916,ak-39,Sentinel,1
VR2W-122359,1475,ak-27,Anguilla anguilla,3
VR2W-122359,1596,HH11,Anguilla anguilla,2
VR2W-122359,1596,HH11,Sentinel,4
VR2W-122359,1935,HH11,Anguilla anguilla,2
VR2W-122359,2443,HH11,Anguilla anguilla,5
VR2W-122359,2443,HH11,Sentinel,7
VR2W-122359,2707,HH11,Sentinel,1
VR2W-122359,2918,ak-27,Anguilla anguilla,2
VR2W-122359,2919,ak-27,Anguilla anguilla,14
VR2W-122360,1542,ak-33,Anguilla anguilla,6
VR2W-122360,1542,ak-33,Gadus morhua,1
VR2W-122360,1542,ak-33,Sentinel,4
VR2W-122360,1767,ak-33,Alosa fallax,3
VR2W-122360,1767,ak-33,Anguilla anguilla,4
VR2W-122360,1767,ak-33,Gadus morhua,4
VR2W-122360,1767,ak-33,Lampetra fluviatilis,5
VR2W-122360,1767,ak-33,Salmo salar,11
VR2W-122360,1767,ak-33,Sentinel,2
VR2W-122360,1767,ak-33,Silurus glanis,2
VR2W-122360,1767,ak-33,Sync tag,9
VR2W-122360,2444,ak-33,Anguilla anguilla,6
VR2W-122360,2444,ak-33,Sentinel,3
VR2W-122360,2444,ak-33,Silurus glanis,1
VR2W-122360,2444,ak-33,Squalius cephalus,1
VR2W-122360,2708,ak-33,Sentinel,1
VR2W-122360,2921,ak-33,Anguilla anguilla,3
VR2W-122360,2921,ak-33,Sentinel,3
VR2W-122360,2923,ak-33,Anguilla anguilla,1
VR2W-122360,2924,ak-33,Anguilla anguilla,1
VR2W-122360,2925,ak-33,Anguilla anguilla,6
VR2W-122360,2926,ak-33,Anguilla anguilla,6
VR2W-122360,2927,ak-33,Anguilla anguilla,1
VR2W-122360,2927,ak-33,Gadus morhua,1
VR2W-122360,2928,ak-33,Anguilla anguilla,1
VR2W-122360,2928,ak-33,Lampetra fluviatilis,1
VR2W-122360,2928,ak-33,Salmo salar,5
VR2W-122360,2929,ak-33,Alosa fallax,2
VR2W-122360,2929,ak-33,Gadus morhua,4
VR2W-122360,2929,ak-33,Lampetra fluviatilis,1
VR2W-122360,2929,ak-33,Salmo salar,7
VR2W-122360,2929,ak-33,Silurus glanis,1
VR2W-122360,2929,ak-33,Sync tag,9
VR2W-122361,1394,ak-5,Anguilla anguilla,3
VR2W-122361,1394,ak-5,Rutilus rutilus,1
VR2W-122362,1382,de-22,Anguilla anguilla,2
VR2W-122362,1382,de-22,Salmo salar,2
VR2W-122362,1589,M-3,Lampetra fluviatilis,1
VR2W-122362,1660,de-22,Anguilla anguilla,2
VR2W-122362,1660,de-22,Salmo salar,3
VR2W-122362,1768,M-3,Lampetra fluviatilis,2
VR2W-122362,1769,M-3,Lampetra fluviatilis,4
VR2W-122362,1770,M-3,Anguilla anguilla,3
VR2W-122362,1770,M-3,Lampetra fluviatilis,7
VR2W-122362,1771,M-3,Anguilla anguilla,9
VR2W-122362,1771,M-3,Lampetra fluviatilis,4
VR2W-122362,1773,M-3,Anguilla anguilla,6
VR2W-122362,1773,M-3,Lampetra fluviatilis,6
VR2W-122362,1774,M-3,Anguilla anguilla,8
VR2W-122362,1774,M-3,Lampetra fluviatilis,2
VR2W-122363,1440,de-20,Anguilla anguilla,4
VR2W-122363,1440,de-20,Salmo salar,1
VR2W-122363,1469,s-4a,Anguilla anguilla,1
VR2W-122363,1469,s-4a,Gadus morhua,2
VR2W-122363,1469,s-4a,Lampetra fluviatilis,1
VR2W-122363,1775,s-4a,Anguilla anguilla,3
VR2W-122363,1775,s-4a,Gadus morhua,3
VR2W-122363,1775,s-4a,Lampetra fluviatilis,3
VR2W-122363,1950,s-4a,Anguilla anguilla,1
VR2W-122363,1950,s-4a,Gadus morhua,2
VR2W-122363,1950,s-4a,Salmo salar,2
VR2W-122363,2255,s-4a,Anguilla anguilla,2
VR2W-122363,2255,s-4a,Gadus morhua,2
VR2W-122363,2663,s-4a,Anguilla anguilla,6
VR2W-122363,2663,s-4a,Lampetra fluviatilis,1
VR2W-122363,2663,s-4a,Leuciscus idus,1
VR2W-122364,1432,de-13,Anguilla anguilla,5
VR2W-122364,1432,de-13,Salmo salar,2
VR2W-122364,1585,de-13,Salmo salar,1
VR2W-122364,1778,de-13,Salmo salar,1
VR2W-122364,3302,ak-5,Anguilla anguilla,1
VR2W-122364,3302,ak-5,Sentinel,2
VR2W-122365,1578,ak-8,Anguilla anguilla,10
VR2W-122365,1578,ak-8,Petromyzon marinus,1
VR2W-122365,1578,ak-8,Rutilus rutilus,2
VR2W-122365,2934,ak-8,Anguilla anguilla,4
VR2W-122365,3304,ak-8,Anguilla anguilla,1
VR2W-122365,3304,ak-8,Sentinel,2
VR2W-122366,1560,ak-11,Anguilla anguilla,6
VR2W-122366,1560,ak-11,Rutilus rutilus,2
VR2W-122366,2936,ak-11,Anguilla anguilla,3
VR2W-122366,3306,ak-11,Anguilla anguilla,1
VR2W-122366,3306,ak-11,Sentinel,2
VR2W-122367,1383,de-15,Anguilla anguilla,3
VR2W-122367,1383,de-15,Salmo salar,2
VR2W-122367,1430,de-12,Anguilla anguilla,3
VR2W-122367,1430,de-12,Salmo salar,2
VR2W-122367,1470,de-12,Salmo salar,2
VR2W-122367,1780,de-12,Salmo salar,1
VR2W-122367,1781,s-4b,Gadus morhua,3
VR2W-122367,1781,s-4b,Lampetra fluviatilis,2
VR2W-122367,1782,s-4b,Anguilla anguilla,3
VR2W-122367,1782,s-4b,Gadus morhua,10
VR2W-122367,1782,s-4b,Lampetra fluviatilis,3
VR2W-122367,1951,s-4b,Anguilla anguilla,1
VR2W-122367,1951,s-4b,Gadus morhua,6
VR2W-122367,1951,s-4b,Salmo salar,5
VR2W-122367,2247,s-4b,Anguilla anguilla,2
VR2W-122367,2247,s-4b,Gadus morhua,3
VR2W-122367,2662,s-4b,Anguilla anguilla,6
VR2W-122367,2662,s-4b,Lampetra fluviatilis,1
VR2W-122367,2662,s-4b,Leuciscus idus,1
VR2W-122367,2938,de-12,Salmo salar,2
VR2W-122368,1391,ws-25B,Anguilla anguilla,1
VR2W-123812,1395,bpns-NIEUWPOORTKUST8,Anguilla anguilla,1
VR2W-123813,1449,ws-STEEN,Anguilla anguilla,3
VR2W-123813,1617,ws-STEEN,Anguilla anguilla,3
VR2W-123813,1784,ws-STEEN,Gadus morhua,2
VR2W-123813,1785,ws-STEEN,Anguilla anguilla,4
VR2W-123813,1785,ws-STEEN,Rutilus rutilus,1
VR2W-123813,1785,ws-STEEN,Silurus glanis,2
VR2W-123813,1969,ws-STEEN,Anguilla anguilla,2
VR2W-123813,1969,ws-STEEN,Gadus morhua,1
VR2W-123813,1969,ws-STEEN,Salmo salar,8
VR2W-123813,2115,ws-STEEN,Anguilla anguilla,1
VR2W-123813,2198,ws-STEEN,Anguilla anguilla,1
VR2W-123813,2517,ws-STEEN,Anguilla anguilla,2
VR2W-123813,2517,ws-STEEN,Leuciscus idus,1
VR2W-123814,1450,ws-W7,Anguilla anguilla,3
VR2W-123814,1636,ws-W7,Anguilla anguilla,8
VR2W-123814,1636,ws-W7,Gadus morhua,1
VR2W-123814,1636,ws-W7,Lampetra fluviatilis,1
VR2W-123814,1786,bpns-NIEUWPOORTKUST8,Anguilla anguilla,1
VR2W-123815,1619,ws-W6,Anguilla anguilla,1
VR2W-123815,1892,ws-W6,Anguilla anguilla,3
VR2W-123815,1893,ws-W6,Anguilla anguilla,4
VR2W-123815,1894,ws-W6,Gadus morhua,1
VR2W-123815,1895,ws-W6,Anguilla anguilla,2
VR2W-123815,1895,ws-W6,Rutilus rutilus,1
VR2W-123815,1970,ws-W6,Anguilla anguilla,1
VR2W-123815,1970,ws-W6,Salmo salar,2
VR2W-123815,2199,ws-W6,Anguilla anguilla,2
VR2W-123815,2518,ws-W6,Anguilla anguilla,7
VR2W-123815,2518,ws-W6,Leuciscus idus,1
VR2W-123815,2518,ws-W6,Pleuronectes platessa,1
VR2W-123816,1451,ws-WN2,Anguilla anguilla,1
VR2W-123816,1621,ws-WN2,Anguilla anguilla,4
VR2W-123816,2108,ws-WN2,Anguilla anguilla,3
VR2W-123817,1618,ws-TRAWL,Anguilla anguilla,1
VR2W-123817,1896,ws-TRAWL,Anguilla anguilla,3
VR2W-123817,1897,ws-TRAWL,Anguilla anguilla,5
VR2W-123817,1898,ws-TRAWL,Gadus morhua,2
VR2W-123817,1898,ws-TRAWL,Silurus glanis,1
VR2W-123817,1899,ws-TRAWL,Anguilla anguilla,3
VR2W-123817,1899,ws-TRAWL,Gadus morhua,1
VR2W-123817,1899,ws-TRAWL,Rutilus rutilus,1
VR2W-123817,2017,ws-TRAWL,Anguilla anguilla,1
VR2W-123817,2017,ws-TRAWL,Salmo salar,2
VR2W-123817,2200,ws-TRAWL,Anguilla anguilla,2
VR2W-123817,2200,ws-TRAWL,Gadus morhua,1
VR2W-123817,2200,ws-TRAWL,Silurus glanis,1
VR2W-123817,2519,ws-TRAWL,Leuciscus idus,1
VR2W-123818,1448,ws-GVWSP,Anguilla anguilla,1
VR2W-123818,1789,ws-GVWSP,Silurus glanis,1
VR2W-123818,1790,ws-GVWSP,Anguilla anguilla,3
VR2W-123818,2018,ws-GVWSP,Salmo salar,1
VR2W-123818,2170,ws-GVWSP,Anguilla anguilla,2
VR2W-123818,2201,ws-GVWSP,Silurus glanis,1
VR2W-123818,2520,ws-GVWSP,Leuciscus idus,1
VR2W-123819,1903,ws-SP3,Anguilla anguilla,1
VR2W-123819,2019,ws-SP3,Salmo salar,3
VR2W-123820,1611,ws-DL7,Anguilla anguilla,1
VR2W-123820,1792,ws-DL7,Anguilla anguilla,1
VR2W-123820,2020,ws-DL7,Salmo salar,2
VR2W-123820,2203,ws-DL7,Sentinel,1
VR2W-123820,2522,ws-DL7,Leuciscus idus,1
VR2W-123821,1612,ws-DL9,Anguilla anguilla,1
VR2W-123822,1547,bpns-D1,Anguilla anguilla,1
VR2W-123823,1556,bpns-WK14,Anguilla anguilla,1
VR2W-123823,1919,bpns-WK14,Anguilla anguilla,1
VR2W-123823,1920,bpns-WK14,Anguilla anguilla,2
VR2W-123823,1920,bpns-WK14,Gadus morhua,1
VR2W-123823,1921,bpns-WK14,Anguilla anguilla,2
VR2W-123823,1922,bpns-WK14,Anguilla anguilla,1
VR2W-123823,1922,bpns-WK14,Cyprinus carpio,1
VR2W-123823,1922,bpns-WK14,Rutilus rutilus,2
VR2W-123823,1922,bpns-WK14,Silurus glanis,4
VR2W-123823,2003,bpns-WK14,Anguilla anguilla,2
VR2W-123823,2003,bpns-WK14,Gadus morhua,2
VR2W-123823,2003,bpns-WK14,Rutilus rutilus,2
VR2W-123823,2003,bpns-WK14,Salmo salar,5
VR2W-123824,1398,bpns-W1,Anguilla anguilla,2
VR2W-123824,1398,bpns-W1,Gadus morhua,1
VR2W-123824,1988,bpns-W1,Anguilla anguilla,1
VR2W-123826,1557,bpns-WZ,Anguilla anguilla,1
VR2W-123826,1796,bpns-WZ,Anguilla anguilla,2
VR2W-123826,1987,bpns-WZ,Anguilla anguilla,2
VR2W-123826,2110,bpns-WZ,Anguilla anguilla,2
VR2W-123828,1545,bpns-A1BIS,Gadus morhua,1
VR2W-123828,1923,bpns-A1BIS,Gadus morhua,1
VR2W-123828,1926,bpns-A1BIS,Anguilla anguilla,2
VR2W-123828,1926,bpns-A1BIS,Gadus morhua,1
VR2W-123828,1926,bpns-A1BIS,Rutilus rutilus,1
VR2W-123828,1926,bpns-A1BIS,Silurus glanis,1
VR2W-123828,2005,bpns-A1BIS,Anguilla anguilla,2
VR2W-123828,2005,bpns-A1BIS,Gadus morhua,1
VR2W-123828,2005,bpns-A1BIS,Rutilus rutilus,1
VR2W-123828,2005,bpns-A1BIS,Silurus glanis,1
VR2W-123828,2187,bpns-A1BIS,Anguilla anguilla,1
VR2W-123829,1845,bpns-S7,Anguilla anguilla,3
VR2W-123829,1846,bpns-S7,Anguilla anguilla,2
VR2W-123829,1847,bpns-S7,Anguilla anguilla,2
VR2W-123829,1847,bpns-S7,Gadus morhua,1
VR2W-123829,1847,bpns-S7,Rutilus rutilus,1
VR2W-123829,1847,bpns-S7,Silurus glanis,1
VR2W-123830,1610,ws-DL12,Anguilla anguilla,1
VR2W-123830,1850,ws-DL12,Anguilla anguilla,2
VR2W-123830,2523,ws-DL12,Anguilla anguilla,2
VR2W-123831,1615,ws-OGDL,Anguilla anguilla,1
VR2W-123831,1904,ws-OGDL,Anguilla anguilla,1
VR2W-123831,1905,ws-OGDL,Silurus glanis,1
VR2W-123831,1906,ws-OGDL,Anguilla anguilla,1
VR2W-123831,1906,ws-OGDL,Cyprinus carpio,1
VR2W-123831,2022,ws-OGDL,Salmo salar,2
VR2W-123831,2524,ws-OGDL,Anguilla anguilla,2
VR2W-123831,2524,ws-OGDL,Sentinel,1
VR2W-123832,1614,ws-OG10,Anguilla anguilla,2
VR2W-123832,1907,ws-OG10,Anguilla anguilla,1
VR2W-123832,1908,ws-OG10,Silurus glanis,1
VR2W-123832,1909,ws-OG10,Anguilla anguilla,1
VR2W-123832,1909,ws-OG10,Cyprinus carpio,1
VR2W-123832,2023,ws-OG10,Salmo salar,3
VR2W-123832,2525,ws-OG10,Anguilla anguilla,2
VR2W-124059,1576,ak-6,Anguilla anguilla,7
VR2W-124059,1576,ak-6,Petromyzon marinus,1
VR2W-124059,1576,ak-6,Rutilus rutilus,1
VR2W-124059,2940,ak-6,Anguilla anguilla,1
VR2W-124060,1384,de-21,Anguilla anguilla,2
VR2W-124060,1384,de-21,Salmo salar,2
VR2W-124060,1570,ak-24,Silurus glanis,1
VR2W-124060,1659,de-21,Anguilla anguilla,2
VR2W-124060,1659,de-21,Salmo salar,3
VR2W-124060,2445,ak-24,Anguilla anguilla,2
VR2W-124060,2445,ak-24,Sentinel,1
VR2W-124060,2445,ak-24,Squalius cephalus,1
VR2W-124060,2682,ak-24,Sentinel,2
VR2W-124060,2942,ak-24,Anguilla anguilla,4
VR2W-124060,2943,ak-24,Anguilla anguilla,1
VR2W-124060,2944,ak-24,Anguilla anguilla,4
VR2W-124061,1429,de-11,Anguilla anguilla,5
VR2W-124061,1429,de-11,Salmo salar,2
VR2W-124061,1587,M-1,Anguilla anguilla,2
VR2W-124061,1587,M-1,Lampetra fluviatilis,3
VR2W-124061,1799,M-1,Anguilla anguilla,1
VR2W-124061,1799,M-1,Lampetra fluviatilis,3
VR2W-124061,1800,M-1,Anguilla anguilla,5
VR2W-124061,1800,M-1,Lampetra fluviatilis,6
VR2W-124061,1801,M-1,Anguilla anguilla,2
VR2W-124061,1801,M-1,Lampetra fluviatilis,3
VR2W-124061,1802,M-1,Anguilla anguilla,6
VR2W-124061,1802,M-1,Lampetra fluviatilis,1
VR2W-124062,1584,ak-4,Anguilla anguilla,4
VR2W-124062,1584,ak-4,Rutilus rutilus,1
VR2W-124062,2946,ak-4,Anguilla anguilla,1
VR2W-124063,1577,ak-7,Anguilla anguilla,7
VR2W-124063,1577,ak-7,Petromyzon marinus,1
VR2W-124063,1577,ak-7,Rutilus rutilus,1
VR2W-124063,2948,ak-7,Anguilla anguilla,2
VR2W-124064,1441,de-23,Anguilla anguilla,3
VR2W-124064,1441,de-23,Salmo salar,3
VR2W-124064,2288,S09,Alosa fallax,4
VR2W-124064,2288,S09,Anguilla anguilla,4
VR2W-124064,2288,S09,Gadus morhua,18
VR2W-124064,2288,S09,Lampetra fluviatilis,6
VR2W-124064,2288,S09,Salmo salar,15
VR2W-124064,2288,S09,Sentinel,2
VR2W-124064,2288,S09,Silurus glanis,2
VR2W-124064,2288,S09,Squalius cephalus,1
VR2W-124064,2288,S09,Sync tag,11
VR2W-124064,2289,S09,Anguilla anguilla,5
VR2W-124064,2289,S09,Gadus morhua,13
VR2W-124064,2289,S09,Salmo salar,1
VR2W-124064,2289,S09,Sentinel,5
VR2W-124064,2950,S09,Anguilla anguilla,2
VR2W-124064,2950,S09,Gadus morhua,13
VR2W-124064,2951,S09,Anguilla anguilla,9
VR2W-124064,2951,S09,Gadus morhua,14
VR2W-124064,2951,S09,Sentinel,7
VR2W-124065,1436,de-19,Anguilla anguilla,4
VR2W-124065,1436,de-19,Salmo salar,4
VR2W-124065,3352,ma-5,Anguilla anguilla,1
VR2W-124066,1439,de-18,Anguilla anguilla,3
VR2W-124066,1439,de-18,Salmo salar,2
VR2W-124067,1559,ak-10,Anguilla anguilla,9
VR2W-124067,1559,ak-10,Petromyzon marinus,1
VR2W-124067,1559,ak-10,Rutilus rutilus,2
VR2W-124067,2953,ak-10,Anguilla anguilla,3
VR2W-124068,1561,ak-13,Anguilla anguilla,1
VR2W-124070,1437,de-9,Anguilla anguilla,9
VR2W-124070,1437,de-9,Salmo salar,5
VR2W-124070,1588,de-9,Salmo salar,1
VR2W-124070,1803,M-2,Anguilla anguilla,2
VR2W-124070,1803,M-2,Lampetra fluviatilis,4
VR2W-124070,1804,M-2,Anguilla anguilla,3
VR2W-124070,1804,M-2,Lampetra fluviatilis,3
VR2W-124070,1805,M-2,Anguilla anguilla,9
VR2W-124070,1805,M-2,Lampetra fluviatilis,5
VR2W-124070,1806,M-2,Anguilla anguilla,3
VR2W-124070,1806,M-2,Lampetra fluviatilis,3
VR2W-124070,1807,M-2,Anguilla anguilla,6
VR2W-124070,1807,M-2,Lampetra fluviatilis,2
VR2W-124071,1521,ws-12A,Anguilla anguilla,2
VR2W-124071,1910,ws-12A,Anguilla anguilla,2
VR2W-124071,1911,ws-12A,Anguilla anguilla,2
VR2W-124071,1912,ws-12A,Gadus morhua,3
VR2W-124071,1912,ws-12A,Lampetra fluviatilis,1
VR2W-124071,1913,ws-12A,Anguilla anguilla,2
VR2W-124071,1913,ws-12A,Gadus morhua,2
VR2W-124071,1913,ws-12A,Silurus glanis,1
VR2W-124071,1971,ws-12A,Gadus morhua,7
VR2W-124071,1971,ws-12A,Salmo salar,10
VR2W-124071,2233,ws-12A,Anguilla anguilla,1
VR2W-124071,2233,ws-12A,Gadus morhua,1
VR2W-124071,2233,ws-12A,Silurus glanis,1
VR2W-124073,1502,ws-14,Anguilla anguilla,1
VR2W-124076,1431,de-12,Anguilla anguilla,5
VR2W-124076,1431,de-12,Salmo salar,2
VR2W-124076,1431,de-12,Sentinel,1
VR2W-124076,1506,de-12,Salmo salar,1
VR2W-124076,1656,de-12,Anguilla anguilla,3
VR2W-124076,1656,de-12,Salmo salar,4
VR2W-124076,1810,de-12,Salmo salar,1
VR2W-124076,1811,ma-2,Anguilla anguilla,3
VR2W-124076,1811,ma-2,Silurus glanis,1
VR2W-124076,1812,ma-2,Anguilla anguilla,1
VR2W-124077,1563,ak-17,Anguilla anguilla,1
VR2W-124077,2956,ak-17,Anguilla anguilla,14
VR2W-124077,2956,ak-17,Petromyzon marinus,1
VR2W-124077,2957,ak-17,Anguilla anguilla,4
VR2W-124077,2958,ak-17,Anguilla anguilla,5
VR2W-124077,2958,ak-17,Silurus glanis,1
VR2W-124078,1428,de-10,Anguilla anguilla,8
VR2W-124078,1428,de-10,Salmo salar,3
VR2W-124078,1813,ma-1,Anguilla anguilla,2
VR2W-124078,1813,ma-1,Silurus glanis,1
VR2W-124078,1814,ma-1,Anguilla anguilla,2
VR2W-124078,3355,ma-1,Anguilla anguilla,1
VR2W-124078,3355,ma-1,Sentinel,1
VR2W-126194,1487,ak-42,Anguilla anguilla,3
VR2W-126194,1815,ak-42,Anguilla anguilla,5
VR2W-126194,1816,ak-42,Anguilla anguilla,1
VR2W-126194,1817,ak-42,Alosa fallax,1
VR2W-126194,1817,ak-42,Anguilla anguilla,5
VR2W-126194,1817,ak-42,Gadus morhua,4
VR2W-126194,1817,ak-42,Salmo salar,4
VR2W-126194,1817,ak-42,Sentinel,2
VR2W-126194,1817,ak-42,Silurus glanis,1
VR2W-126194,1817,ak-42,Sync tag,3
VR2W-126194,2488,ak-42,Anguilla anguilla,1
VR2W-126194,2488,ak-42,Sentinel,3
VR2W-126194,2709,ak-42,Anguilla anguilla,2
VR2W-126194,2709,ak-42,Sentinel,4
VR2W-126195,1486,ak-41,Gadus morhua,4
VR2W-126195,1486,ak-41,Lampetra fluviatilis,3
VR2W-126195,1818,ak-41,Anguilla anguilla,5
VR2W-126195,1818,ak-41,Gadus morhua,5
VR2W-126195,1818,ak-41,Lampetra fluviatilis,4
VR2W-126195,1819,ak-41,Anguilla anguilla,9
VR2W-126195,1819,ak-41,Gadus morhua,14
VR2W-126195,1819,ak-41,Lampetra fluviatilis,4
VR2W-126195,1819,ak-41,Salmo salar,14
VR2W-126195,2612,ak-41,Sentinel,1
VR2W-126195,2710,ak-41,Anguilla anguilla,5
VR2W-126195,2710,ak-41,Leuciscus idus,1
VR2W-126195,2710,ak-41,Sentinel,1
VR2W-126196,1488,ak-44,Anguilla anguilla,6
VR2W-126196,1820,ak-44,Anguilla anguilla,4
VR2W-126196,1821,ak-44,Anguilla anguilla,3
VR2W-126196,1821,ak-44,Gadus morhua,3
VR2W-126196,1821,ak-44,Lampetra fluviatilis,1
VR2W-126196,1821,ak-44,Salmo salar,1
VR2W-126196,1821,ak-44,Sentinel,2
VR2W-126196,1821,ak-44,Silurus glanis,1
VR2W-126196,1821,ak-44,Sync tag,2
VR2W-126196,2490,ak-44,Sentinel,3
VR2W-126196,2490,ak-44,Silurus glanis,1
VR2W-126196,2711,ak-44,Anguilla anguilla,1
VR2W-126196,2711,ak-44,Sentinel,3
VR2W-126196,2711,ak-44,Silurus glanis,1
VR2W-126197,1489,ak-45,Gadus morhua,2
VR2W-126197,1489,ak-45,Lampetra fluviatilis,1
VR2W-126197,1822,ak-45,Anguilla anguilla,4
VR2W-126197,1822,ak-45,Gadus morhua,3
VR2W-126197,1822,ak-45,Lampetra fluviatilis,2
VR2W-126197,1823,ak-45,Anguilla anguilla,2
VR2W-126197,1823,ak-45,Gadus morhua,6
VR2W-126197,1823,ak-45,Salmo salar,12
VR2W-126197,1823,ak-45,Sentinel,1
VR2W-126197,2712,ak-45,Anguilla anguilla,2
VR2W-126197,2712,ak-45,Leuciscus idus,1
VR2W-126198,1490,ak-46,Anguilla anguilla,3
VR2W-126198,1824,ak-46,Anguilla anguilla,4
VR2W-126198,1824,ak-46,Lampetra fluviatilis,2
VR2W-126199,1491,ak-47,Anguilla anguilla,2
VR2W-126199,1491,ak-47,Gadus morhua,1
VR2W-126199,1491,ak-47,Lampetra fluviatilis,1
VR2W-126199,1826,ak-47,Anguilla anguilla,4
VR2W-126199,1826,ak-47,Lampetra fluviatilis,1
VR2W-126199,1827,ak-47,Anguilla anguilla,1
VR2W-126199,1827,ak-47,Gadus morhua,2
VR2W-126199,2492,ak-47,Sentinel,1
VR2W-126199,2713,ak-47,Sentinel,1
VR2W-126200,1492,ak-48,Anguilla anguilla,1
VR2W-126200,1828,ak-48,Anguilla anguilla,2
VR2W-126200,1829,ak-48,Anguilla anguilla,1
VR2W-126200,1829,ak-48,Gadus morhua,1
VR2W-126200,1829,ak-48,Salmo salar,2
VR2W-126200,1829,ak-48,Sentinel,1
VR2W-126200,1829,ak-48,Sync tag,2
VR2W-126200,2493,ak-48,Sentinel,1
VR2W-126200,2714,ak-48,Sentinel,1
VR2W-126201,2101,ws-25A,Gadus morhua,3
VR2W-126201,2101,ws-25A,Salmo salar,4
VR2W-126202,1675,ws-25B,Gadus morhua,3
VR2W-126202,1675,ws-25B,Lampetra fluviatilis,1
VR2W-126202,1676,ws-25B,Anguilla anguilla,1
VR2W-126202,1676,ws-25B,Gadus morhua,2
VR2W-126202,1676,ws-25B,Lampetra fluviatilis,1
VR2W-126202,1676,ws-25B,Silurus glanis,1
VR2W-126202,2046,ws-25B,Gadus morhua,4
VR2W-126202,2046,ws-25B,Salmo salar,6
VR2W-126202,2234,ws-25B,Sentinel,1
VR2W-127022,1514,S17,Alosa fallax,4
VR2W-127022,1514,S17,Anguilla anguilla,4
VR2W-127022,1514,S17,Gadus morhua,18
VR2W-127022,1514,S17,Lampetra fluviatilis,6
VR2W-127022,1514,S17,Salmo salar,15
VR2W-127022,1514,S17,Sentinel,2
VR2W-127022,1514,S17,Silurus glanis,2
VR2W-127022,1514,S17,Sync tag,11
VR2W-127022,2278,S17,Anguilla anguilla,5
VR2W-127022,2278,S17,Gadus morhua,13
VR2W-127022,2278,S17,Sentinel,5
VR2W-127022,2715,S17,Gadus morhua,13
VR2W-127022,2960,S17,Anguilla anguilla,3
VR2W-127022,2960,S17,Gadus morhua,13
VR2W-127022,2961,S17,Anguilla anguilla,9
VR2W-127022,2961,S17,Gadus morhua,14
VR2W-127022,2961,S17,Sentinel,6
VR2W-127022,2962,S17,Gadus morhua,14
VR2W-127023,1509,S02,Anguilla anguilla,9
VR2W-127023,1509,S02,Gadus morhua,14
VR2W-127023,1509,S02,Sentinel,6
VR2W-127023,1830,S07,Alosa fallax,4
VR2W-127023,1830,S07,Anguilla anguilla,4
VR2W-127023,1830,S07,Gadus morhua,19
VR2W-127023,1830,S07,Lampetra fluviatilis,6
VR2W-127023,1830,S07,Salmo salar,15
VR2W-127023,1830,S07,Sentinel,2
VR2W-127023,1830,S07,Silurus glanis,2
VR2W-127023,1830,S07,Sync tag,10
VR2W-127023,2286,S07,Anguilla anguilla,11
VR2W-127023,2286,S07,Gadus morhua,13
VR2W-127023,2286,S07,Salmo salar,1
VR2W-127023,2286,S07,Sentinel,12
VR2W-127023,2286,S07,Silurus glanis,1
VR2W-127023,2286,S07,Squalius cephalus,1
VR2W-127023,2716,S07,Gadus morhua,13
VR2W-127023,2716,S07,Sentinel,1
VR2W-127023,2965,S02,Gadus morhua,14
VR2W-127023,2966,S02,Anguilla anguilla,3
VR2W-127023,2966,S02,Gadus morhua,13
VR2W-127023,2967,S02,Anguilla anguilla,1
VR2W-127023,2967,S02,Gadus morhua,13
VR2W-127023,2968,S02,Anguilla anguilla,9
VR2W-127023,2968,S02,Gadus morhua,14
VR2W-127023,2968,S02,Sentinel,6
VR2W-127023,2969,S02,Gadus morhua,13
VR2W-127023,2970,S02,Alosa fallax,4
VR2W-127023,2970,S02,Anguilla anguilla,1
VR2W-127023,2970,S02,Gadus morhua,13
VR2W-127023,2970,S02,Lampetra fluviatilis,3
VR2W-127023,2970,S02,Salmo salar,14
VR2W-127023,2970,S02,Sentinel,1
VR2W-127024,1511,S13,Alosa fallax,4
VR2W-127024,1511,S13,Anguilla anguilla,4
VR2W-127024,1511,S13,Gadus morhua,18
VR2W-127024,1511,S13,Lampetra fluviatilis,6
VR2W-127024,1511,S13,Salmo salar,15
VR2W-127024,1511,S13,Sentinel,2
VR2W-127024,1511,S13,Silurus glanis,2
VR2W-127024,1511,S13,Sync tag,11
VR2W-127024,2279,S13,Anguilla anguilla,11
VR2W-127024,2279,S13,Gadus morhua,13
VR2W-127024,2279,S13,Salmo salar,1
VR2W-127024,2279,S13,Sentinel,12
VR2W-127024,2279,S13,Silurus glanis,1
VR2W-127024,2279,S13,Squalius cephalus,1
VR2W-127024,2717,S13,Gadus morhua,13
VR2W-127024,2972,S13,Gadus morhua,14
VR2W-127024,2973,S13,Anguilla anguilla,3
VR2W-127024,2973,S13,Gadus morhua,13
VR2W-127024,2974,S13,Anguilla anguilla,5
VR2W-127024,2974,S13,Gadus morhua,13
VR2W-127024,2976,S13,Anguilla anguilla,9
VR2W-127024,2976,S13,Gadus morhua,14
VR2W-127024,2976,S13,Sentinel,7
VR2W-127025,2196,S08,Alosa fallax,4
VR2W-127025,2196,S08,Anguilla anguilla,4
VR2W-127025,2196,S08,Gadus morhua,18
VR2W-127025,2196,S08,Lampetra fluviatilis,6
VR2W-127025,2196,S08,Salmo salar,15
VR2W-127025,2196,S08,Sentinel,2
VR2W-127025,2196,S08,Silurus glanis,2
VR2W-127025,2196,S08,Sync tag,11
VR2W-127025,2720,S08,Anguilla anguilla,11
VR2W-127025,2720,S08,Gadus morhua,13
VR2W-127025,2720,S08,Sentinel,12
VR2W-127025,2720,S08,Silurus glanis,1
VR2W-127025,2720,S08,Squalius cephalus,1
VR2W-127025,2721,S08,Gadus morhua,13
VR2W-127025,2979,S08,Gadus morhua,14
VR2W-127025,2980,S08,Anguilla anguilla,3
VR2W-127025,2980,S08,Gadus morhua,13
VR2W-127025,2981,S08,Anguilla anguilla,9
VR2W-127025,2981,S08,Gadus morhua,14
VR2W-127025,2981,S08,Sentinel,7
VR2W-127026,1591,M-4A,Anguilla anguilla,3
VR2W-127026,1591,M-4A,Lampetra fluviatilis,15
VR2W-127026,1831,M-4A,Anguilla anguilla,11
VR2W-127026,1831,M-4A,Lampetra fluviatilis,4
VR2W-127026,1832,M-4A,Anguilla anguilla,10
VR2W-127026,1832,M-4A,Lampetra fluviatilis,10
VR2W-127026,1833,M-4A,Anguilla anguilla,5
VR2W-127026,1833,M-4A,Lampetra fluviatilis,9
VR2W-127026,1834,M-4A,Anguilla anguilla,6
VR2W-127026,1834,M-4A,Lampetra fluviatilis,4
VR2W-127027,1508,S10,Alosa fallax,4
VR2W-127027,1508,S10,Anguilla anguilla,4
VR2W-127027,1508,S10,Gadus morhua,18
VR2W-127027,1508,S10,Lampetra fluviatilis,6
VR2W-127027,1508,S10,Salmo salar,13
VR2W-127027,1508,S10,Sentinel,2
VR2W-127027,1508,S10,Silurus glanis,2
VR2W-127027,1508,S10,Squalius cephalus,1
VR2W-127027,1508,S10,Sync tag,11
VR2W-127027,2280,S10,Anguilla anguilla,11
VR2W-127027,2280,S10,Gadus morhua,13
VR2W-127027,2280,S10,Salmo salar,1
VR2W-127027,2280,S10,Sentinel,12
VR2W-127027,2280,S10,Silurus glanis,1
VR2W-127027,2280,S10,Squalius cephalus,1
VR2W-127027,2756,S10,Gadus morhua,13
VR2W-127027,2986,S10,Gadus morhua,14
VR2W-127027,2987,S10,Anguilla anguilla,3
VR2W-127027,2987,S10,Gadus morhua,13
VR2W-127027,2988,S10,Anguilla anguilla,4
VR2W-127027,2988,S10,Gadus morhua,13
VR2W-127028,1516,S18,Alosa fallax,4
VR2W-127028,1516,S18,Anguilla anguilla,4
VR2W-127028,1516,S18,Gadus morhua,18
VR2W-127028,1516,S18,Lampetra fluviatilis,6
VR2W-127028,1516,S18,Salmo salar,15
VR2W-127028,1516,S18,Sentinel,2
VR2W-127028,1516,S18,Silurus glanis,2
VR2W-127028,1516,S18,Sync tag,11
VR2W-127028,2281,S18,Anguilla anguilla,11
VR2W-127028,2281,S18,Gadus morhua,13
VR2W-127028,2281,S18,Sentinel,12
VR2W-127028,2281,S18,Silurus glanis,1
VR2W-127028,2281,S18,Squalius cephalus,1
VR2W-127028,2757,S18,Gadus morhua,13
VR2W-127028,2992,S18,Anguilla anguilla,3
VR2W-127028,2992,S18,Gadus morhua,13
VR2W-127028,2994,S18,Anguilla anguilla,9
VR2W-127028,2994,S18,Gadus morhua,14
VR2W-127028,2994,S18,Sentinel,6
VR2W-127029,1517,S14,Alosa fallax,4
VR2W-127029,1517,S14,Anguilla anguilla,4
VR2W-127029,1517,S14,Gadus morhua,18
VR2W-127029,1517,S14,Lampetra fluviatilis,6
VR2W-127029,1517,S14,Salmo salar,15
VR2W-127029,1517,S14,Sentinel,2
VR2W-127029,1517,S14,Silurus glanis,2
VR2W-127029,1517,S14,Sync tag,11
VR2W-127029,2282,S14,Anguilla anguilla,11
VR2W-127029,2282,S14,Gadus morhua,13
VR2W-127029,2282,S14,Salmo salar,1
VR2W-127029,2282,S14,Sentinel,12
VR2W-127029,2282,S14,Silurus glanis,1
VR2W-127029,2282,S14,Squalius cephalus,1
VR2W-127029,2773,S14,Gadus morhua,13
VR2W-127029,2999,S14,Gadus morhua,14
VR2W-127029,3000,S14,Anguilla anguilla,3
VR2W-127029,3000,S14,Gadus morhua,13
VR2W-127029,3001,S14,Anguilla anguilla,5
VR2W-127029,3001,S14,Gadus morhua,13
VR2W-127030,1586,ak-34,Anguilla anguilla,8
VR2W-127030,1586,ak-34,Sentinel,5
VR2W-127030,2446,ak-34,Anguilla anguilla,8
VR2W-127030,2446,ak-34,Sentinel,9
VR2W-127030,3004,ak-34,Sentinel,1
VR2W-127031,1513,S16,Alosa fallax,4
VR2W-127031,1513,S16,Anguilla anguilla,4
VR2W-127031,1513,S16,Gadus morhua,18
VR2W-127031,1513,S16,Lampetra fluviatilis,6
VR2W-127031,1513,S16,Salmo salar,15
VR2W-127031,1513,S16,Sentinel,2
VR2W-127031,1513,S16,Silurus glanis,2
VR2W-127031,1513,S16,Sync tag,11
VR2W-127031,2283,S16,Anguilla anguilla,11
VR2W-127031,2283,S16,Gadus morhua,13
VR2W-127031,2283,S16,Sentinel,12
VR2W-127031,2283,S16,Silurus glanis,1
VR2W-127031,2283,S16,Squalius cephalus,1
VR2W-127031,3009,S16,Gadus morhua,13
VR2W-127031,3013,S16,Gadus morhua,14
VR2W-127031,3014,S16,Anguilla anguilla,3
VR2W-127031,3014,S16,Gadus morhua,13
VR2W-127031,3015,S16,Anguilla anguilla,9
VR2W-127031,3015,S16,Gadus morhua,14
VR2W-127031,3015,S16,Sentinel,7
VR2W-127032,1510,S12,Alosa fallax,4
VR2W-127032,1510,S12,Anguilla anguilla,4
VR2W-127032,1510,S12,Gadus morhua,18
VR2W-127032,1510,S12,Lampetra fluviatilis,6
VR2W-127032,1510,S12,Salmo salar,15
VR2W-127032,1510,S12,Sentinel,2
VR2W-127032,1510,S12,Silurus glanis,2
VR2W-127032,1510,S12,Sync tag,11
VR2W-127032,2284,S12,Anguilla anguilla,11
VR2W-127032,2284,S12,Gadus morhua,13
VR2W-127032,2284,S12,Salmo salar,1
VR2W-127032,2284,S12,Sentinel,12
VR2W-127032,2284,S12,Silurus glanis,1
VR2W-127032,2284,S12,Squalius cephalus,1
VR2W-127032,3017,S12,Anguilla anguilla,1
VR2W-127032,3017,S12,Gadus morhua,13
VR2W-127032,3018,S12,Gadus morhua,14
VR2W-127032,3019,S12,Anguilla anguilla,3
VR2W-127032,3019,S12,Gadus morhua,13
VR2W-127032,3020,S12,Anguilla anguilla,10
VR2W-127032,3020,S12,Gadus morhua,14
VR2W-127032,3020,S12,Sentinel,6
VR2W-127033,1512,S15,Alosa fallax,4
VR2W-127033,1512,S15,Anguilla anguilla,4
VR2W-127033,1512,S15,Gadus morhua,18
VR2W-127033,1512,S15,Lampetra fluviatilis,5
VR2W-127033,1512,S15,Salmo salar,11
VR2W-127033,1512,S15,Sentinel,2
VR2W-127033,1512,S15,Silurus glanis,2
VR2W-127033,1512,S15,Sync tag,11
VR2W-127033,2285,S15,Anguilla anguilla,7
VR2W-127033,2285,S15,Gadus morhua,13
VR2W-127033,2285,S15,Sentinel,12
VR2W-127033,2285,S15,Silurus glanis,1
VR2W-127033,3030,S15,Gadus morhua,12
VR2W-127033,3031,S15,Gadus morhua,14
VR2W-127033,3286,S15,Anguilla anguilla,8
VR2W-127033,3286,S15,Gadus morhua,14
VR2W-127033,3286,S15,Sentinel,6
VR2W-127033,3288,S15,Anguilla anguilla,3
VR2W-127033,3288,S15,Gadus morhua,13
VR2W-127716,1985,s-10a,Anguilla anguilla,1
VR2W-127716,1985,s-10a,Gadus morhua,6
VR2W-127716,1985,s-10a,Salmo salar,12
VR2W-127716,2238,s-10a,Anguilla anguilla,3
VR2W-127716,2238,s-10a,Gadus morhua,2
VR2W-127716,2238,s-10a,Sentinel,1
VR2W-127716,2652,s-10a,Anguilla anguilla,6
VR2W-127716,2652,s-10a,Leuciscus idus,1
VR2W-127716,2652,s-10a,Sentinel,1
VR2W-127718,2024,ws-WN2,Salmo salar,2
VR2W-127718,2207,ws-WN2,Anguilla anguilla,1
VR2W-127718,2207,ws-WN2,Gadus morhua,1
VR2W-127718,2527,ws-WN2,Anguilla anguilla,6
VR2W-127718,2527,ws-WN2,Lampetra fluviatilis,1
VR2W-127719,1607,s-8a,Anguilla anguilla,5
VR2W-127719,1607,s-8a,Gadus morhua,5
VR2W-127719,1607,s-8a,Lampetra fluviatilis,2
VR2W-127719,1952,s-8a,Gadus morhua,7
VR2W-127719,1952,s-8a,Salmo salar,13
VR2W-127719,2241,s-8a,Anguilla anguilla,5
VR2W-127719,2241,s-8a,Gadus morhua,1
VR2W-127719,2656,s-8a,Anguilla anguilla,4
VR2W-127719,2656,s-8a,Leuciscus idus,1
VR2W-127720,1604,HH9,Anguilla anguilla,3
VR2W-127720,1604,HH9,Gadus morhua,1
VR2W-127720,1604,HH9,Sentinel,8
VR2W-127720,1837,HH9,Alosa fallax,1
VR2W-127720,1837,HH9,Anguilla anguilla,4
VR2W-127720,1837,HH9,Gadus morhua,2
VR2W-127720,1837,HH9,Lampetra fluviatilis,2
VR2W-127720,1837,HH9,Salmo salar,4
VR2W-127720,1837,HH9,Sentinel,3
VR2W-127720,1837,HH9,Silurus glanis,1
VR2W-127720,1837,HH9,Sync tag,4
VR2W-127720,2447,HH9,Anguilla anguilla,11
VR2W-127720,2447,HH9,Sentinel,13
VR2W-127720,2447,HH9,Silurus glanis,1
VR2W-127720,2447,HH9,Squalius cephalus,1
VR2W-127720,3029,HH9,Sentinel,1
VR2W-127721,1599,HH4,Anguilla anguilla,2
VR2W-127721,1599,HH4,Sentinel,1
VR2W-127721,1599,HH4,Silurus glanis,1
VR2W-127721,1838,HH4,Anguilla anguilla,3
VR2W-127721,1838,HH4,Gadus morhua,1
VR2W-127721,1838,HH4,Sentinel,2
VR2W-127721,3027,HH4,Anguilla anguilla,8
VR2W-127721,3027,HH4,Sentinel,5
VR2W-127721,3027,HH4,Silurus glanis,1
VR2W-127721,3027,HH4,Squalius cephalus,1
VR2W-127721,3028,HH4,Anguilla anguilla,8
VR2W-127721,3028,HH4,Sentinel,5
VR2W-127721,3028,HH4,Silurus glanis,1
VR2W-127721,3028,HH4,Squalius cephalus,1
VR2W-127722,1597,HH2,Anguilla anguilla,2
VR2W-127722,1597,HH2,Sentinel,1
VR2W-127722,1597,HH2,Silurus glanis,1
VR2W-127722,2448,HH2,Anguilla anguilla,8
VR2W-127722,2448,HH2,Sentinel,4
VR2W-127722,2448,HH2,Silurus glanis,1
VR2W-127722,2448,HH2,Squalius cephalus,1
VR2W-127722,3024,HH2,Anguilla anguilla,8
VR2W-127722,3024,HH2,Sentinel,4
VR2W-127722,3024,HH2,Silurus glanis,1
VR2W-127722,3024,HH2,Squalius cephalus,1
VR2W-127722,3025,HH2,Anguilla anguilla,2
VR2W-127724,1600,HH5,Anguilla anguilla,4
VR2W-127724,1600,HH5,Gadus morhua,1
VR2W-127724,1600,HH5,Sentinel,9
VR2W-127724,1839,HH5,Anguilla anguilla,2
VR2W-127724,1839,HH5,Sentinel,1
VR2W-127724,1839,HH5,Silurus glanis,1
VR2W-127724,2449,HH5,Anguilla anguilla,13
VR2W-127724,2449,HH5,Sentinel,14
VR2W-127724,2449,HH5,Silurus glanis,1
VR2W-127724,3023,HH5,Anguilla anguilla,13
VR2W-127724,3023,HH5,Sentinel,14
VR2W-127724,3023,HH5,Silurus glanis,1
VR2W-127724,3023,HH5,Squalius cephalus,1
VR2W-127725,1630,ws-HW6,Anguilla anguilla,2
VR2W-127725,1630,ws-HW6,Gadus morhua,2
VR2W-127725,1962,ws-HW6,Gadus morhua,4
VR2W-127725,1962,ws-HW6,Salmo salar,9
VR2W-127725,2259,ws-HW6,Anguilla anguilla,3
VR2W-127725,2259,ws-HW6,Sentinel,1
VR2W-127726,1598,HH3,Anguilla anguilla,2
VR2W-127726,1598,HH3,Sentinel,1
VR2W-127726,1598,HH3,Silurus glanis,1
VR2W-127726,1840,HH3,Anguilla anguilla,2
VR2W-127726,1840,HH3,Sentinel,1
VR2W-127726,2450,HH3,Anguilla anguilla,8
VR2W-127726,2450,HH3,Sentinel,4
VR2W-127726,2450,HH3,Silurus glanis,1
VR2W-127726,2450,HH3,Squalius cephalus,1
VR2W-127726,3022,HH3,Anguilla anguilla,1
VR2W-127726,3022,HH3,Sentinel,1
VR2W-127727,2025,ws-DL9,Salmo salar,1
VR2W-127728,1605,s-11,Anguilla anguilla,4
VR2W-127728,1605,s-11,Gadus morhua,6
VR2W-127728,1605,s-11,Lampetra fluviatilis,2
VR2W-127728,1953,s-11,Gadus morhua,8
VR2W-127728,1953,s-11,Salmo salar,13
VR2W-127728,2275,s-11,Anguilla anguilla,4
VR2W-127728,2275,s-11,Sentinel,1
VR2W-127728,2614,s-11,Sentinel,1
VR2W-127729,2184,bpns-S4,Sentinel,1
VR2W-127731,1627,ws-53A,Anguilla anguilla,6
VR2W-127731,1627,ws-53A,Gadus morhua,3
VR2W-127731,1627,ws-53A,Lampetra fluviatilis,1
VR2W-127731,1963,ws-53A,Gadus morhua,6
VR2W-127731,1963,ws-53A,Salmo salar,9
VR2W-127731,2260,ws-53A,Anguilla anguilla,3
VR2W-127731,2260,ws-53A,Gadus morhua,1
VR2W-127732,1606,s-12,Anguilla anguilla,4
VR2W-127732,1606,s-12,Gadus morhua,5
VR2W-127732,1606,s-12,Lampetra fluviatilis,2
VR2W-127732,1939,s-12,Gadus morhua,5
VR2W-127732,1939,s-12,Salmo salar,9
VR2W-127732,2276,s-12,Anguilla anguilla,3
VR2W-127732,2276,s-12,Gadus morhua,2
VR2W-127733,1629,ws-FZ2,Anguilla anguilla,1
VR2W-127733,1629,ws-FZ2,Gadus morhua,2
VR2W-127733,1629,ws-FZ2,Lampetra fluviatilis,1
VR2W-127733,2261,ws-F42,Anguilla anguilla,2
VR2W-127733,2261,ws-F42,Gadus morhua,1
VR2W-127733,2261,ws-F42,Sentinel,1
VR2W-127734,1628,ws-55,Anguilla anguilla,4
VR2W-127734,1628,ws-55,Gadus morhua,4
VR2W-127734,1628,ws-55,Lampetra fluviatilis,1
VR2W-127734,1965,ws-55,Gadus morhua,6
VR2W-127734,1965,ws-55,Lampetra fluviatilis,1
VR2W-127734,1965,ws-55,Salmo salar,11
VR2W-127734,2262,ws-55,Anguilla anguilla,1
VR2W-127734,2262,ws-55,Sentinel,1
VR2W-127735,1625,ws-42A,Anguilla anguilla,5
VR2W-127735,1625,ws-42A,Gadus morhua,1
VR2W-127735,1625,ws-42A,Lampetra fluviatilis,1
VR2W-127735,1966,ws-42A,Gadus morhua,6
VR2W-127735,1966,ws-42A,Salmo salar,11
VR2W-127735,2263,ws-42A,Anguilla anguilla,2
VR2W-127735,2263,ws-42A,Sentinel,1
VR2W-127736,1622,ws-14,Anguilla anguilla,2
VR2W-127736,1622,ws-14,Gadus morhua,3
VR2W-127736,1961,ws-14,Gadus morhua,7
VR2W-127736,1961,ws-14,Salmo salar,11
VR2W-127736,2235,ws-14,Anguilla anguilla,2
VR2W-127736,2235,ws-14,Gadus morhua,1
VR2W-127737,1626,ws-53,Anguilla anguilla,5
VR2W-127737,1626,ws-53,Gadus morhua,2
VR2W-127737,1626,ws-53,Lampetra fluviatilis,1
VR2W-127737,1960,ws-53,Gadus morhua,4
VR2W-127737,1960,ws-53,Lampetra fluviatilis,1
VR2W-127737,1960,ws-53,Salmo salar,11
VR2W-127737,2264,ws-53,Anguilla anguilla,2
VR2W-127737,2264,ws-53,Silurus glanis,1
VR2W-127738,1608,s-9a,Anguilla anguilla,4
VR2W-127738,1608,s-9a,Gadus morhua,7
VR2W-127738,1608,s-9a,Lampetra fluviatilis,3
VR2W-127738,1938,s-9a,Anguilla anguilla,1
VR2W-127738,1938,s-9a,Gadus morhua,7
VR2W-127738,1938,s-9a,Salmo salar,12
VR2W-127738,2242,s-9a,Anguilla anguilla,4
VR2W-127738,2242,s-9a,Gadus morhua,3
VR2W-127738,2242,s-9a,Sentinel,1
VR2W-127738,2653,s-9a,Anguilla anguilla,3
VR2W-127738,2653,s-9a,Leuciscus idus,1
VR2W-129566,2237,ws-25A,Sentinel,1
VR2W-129708,2119,bpns-BelwindReefballs,Anguilla anguilla,1
VR2W-129709,2419,bpns-BelwindReefballs,Anguilla anguilla,1
VR2W-131000,2553,bpns-BelwindReefballs,Anguilla anguilla,13
